Parsed 1403 rows
Deduplicated to 1349 unique locations
[1/1349] Geocoding: 1051 RBM - Marathon, Battle Creek, MI... ✓ (42.3557, -85.1813)
[2/1349] Geocoding: 44th Street Dog/Dairy (KEY #71, Wyoming, MI... ✓ (42.8843, -85.6772)
[3/1349] Geocoding: 56 Exit Truck Stop, Paw Paw, MI... ✓ (42.1977, -85.9670)
[4/1349] Geocoding: 7-Eleven #36939B, Saginaw, MI... ✗ (not found)
[5/1349] Geocoding: 8K Before You Eat, Hamilton, MI... ✗ (not found)
[6/1349] Geocoding: A & B City Dairy, Midland, MI... ✓ (43.5672, -84.3703)
[7/1349] Geocoding: A & B Party Store I/C, Grand Rapids, MI... ✓ (42.9592, -85.6876)
[8/1349] Geocoding: A & K Dawn Donuts, Grand Blanc, MI... ✓ (42.9243, -83.6256)
[9/1349] Geocoding: Ace Fuelling, Inc, Bradley, MI... ✓ (42.6302, -85.6424)
[10/1349] Geocoding: AD Bos Vending, Holland, MI... ✗ (not found)
[11/1349] Geocoding: ADJ Petroleum, Lawrence, MI... ✓ (42.2163, -86.1083)
[12/1349] Geocoding: Admiral Alma #5748, Alma, MI... ✗ (not found)
[13/1349] Geocoding: Admiral Alma #5868, Alma, MI... ✓ (43.3830, -84.6671)
[14/1349] Geocoding: Admiral Alma #5869, Alma, MI... ✓ (43.4084, -84.6657)
[15/1349] Geocoding: Admiral Bay City #5795, Bay City, MI... ✓ (43.5990, -83.9159)
[16/1349] Geocoding: Admiral Edmore #5870, Edmore, MI... ✓ (43.4074, -85.0322)
[17/1349] Geocoding: Admiral Houghton Lake #5829, Houghton Lake, MI... ✗ (not found)
[18/1349] Geocoding: Admiral Ionia #5882, Ionia, MI... ✓ (42.9508, -85.0741)
[19/1349] Geocoding: Admiral Ithaca #5871, Ithaca, MI... ✗ (not found)
[20/1349] Geocoding: Admiral Lowell #5770, Lowell, MI... ✓ (42.9318, -85.3605)
[21/1349] Geocoding: Admiral Owosso #5879, Owosso, MI... ✓ (42.9986, -84.1287)
[22/1349] Geocoding: Admiral Saginaw #5727, Saginaw, MI... ✓ (43.4366, -84.0258)
[23/1349] Geocoding: Admiral Scottville #5791, Scottville, MI... ✓ (43.9552, -86.2834)
[24/1349] Geocoding: Adventure Bound Camping, White Cloud, MI... ✗ (not found)
[25/1349] Geocoding: Affogato's (KEY #50 ), Allendale, MI... ✗ (not found)
[26/1349] Geocoding: Age Well Service of W Michigan, Muskegon, MI... ✓ (43.1869, -86.2573)
[27/1349] Geocoding: AGO #01 Sparta, Sparta, MI... ✓ (43.1604, -85.6968)
[28/1349] Geocoding: AGO #02 Grant, Grant, MI... ✓ (43.3285, -85.8100)
[29/1349] Geocoding: AGO #03 D 36th St Citgo, Wyoming, MI... ✓ (42.8984, -85.6698)
[30/1349] Geocoding: AGO #04 Belding AGO, Belding, MI... ✓ (43.0885, -85.2436)
[31/1349] Geocoding: AGO #05 Cedar Springs Citgo, Cedar Springs, MI... ✓ (43.2194, -85.5706)
[32/1349] Geocoding: AGO #06 D Plainfield Citgo, Grand Rapids, MI... ✓ (43.0342, -85.6223)
[33/1349] Geocoding: AGO #07 Paw Paw Citgo, Paw Paw, MI... ✗ (not found)
[34/1349] Geocoding: AGO #08 D Port Sheldon Citgo, Hudsonville, MI... ✓ (42.8878, -85.8524)
[35/1349] Geocoding: AGO #09 D Hudsonville Citgo, Hudsonville, MI... ✓ (42.8538, -85.8605)
[36/1349] Geocoding: AGO #10 I 94 Citgo, St Joseph, MI... ✓ (42.0592, -86.4596)
[37/1349] Geocoding: AGO #11 Downtown Citgo, St Joseph, MI... ✓ (42.1111, -86.4789)
[38/1349] Geocoding: AGO #12 Southtown Citgo, St Joseph, MI... ✓ (42.0904, -86.4846)
[39/1349] Geocoding: AGO #13 D Ballpark Citgo, Comstock Park, MI... ✓ (43.0452, -85.6572)
[40/1349] Geocoding: AGO #14 D Kentwood BP, Kentwood, MI... ✓ (42.8822, -85.6260)
[41/1349] Geocoding: AGO #15 D Fruitridge Citgo, Walker, MI... ✗ (not found)
[42/1349] Geocoding: AGO #15 I/C Fruitridge Citgo, Walker, MI... ✗ (not found)
[43/1349] Geocoding: AGO #16 Ten Mile Citgo, Rockford, MI... ✓ (43.1166, -85.6016)
[44/1349] Geocoding: AGO #17 D Cascade Citgo, Grand Rapids, MI... ✓ (42.9136, -85.5000)
[45/1349] Geocoding: AGO #18 D 84th St Citgo, Byron Center, MI... ✓ (42.8115, -85.6703)
[46/1349] Geocoding: AGO #19 Portage Citgo, Portage, MI... ✗ (not found)
[47/1349] Geocoding: AGO #20 Stadium Citgo, Kalamazoo, MI... ✓ (42.2700, -85.6472)
[48/1349] Geocoding: AGO #21 Greenville Citgo, Greenville, MI... ✓ (43.1769, -85.2743)
[49/1349] Geocoding: AGO #22 D M46 Citgo, Howard City, MI... ✓ (43.4251, -85.4874)
[50/1349] Geocoding: AGO #23 I/C Stanton, Stanton, MI... ✓ (43.2931, -85.0740)
[51/1349] Geocoding: AGO #24 Carson City AGO, Carson City, MI... ✓ (43.1767, -84.8461)
[52/1349] Geocoding: AGO #25 Sheridan AGO, Sheridan, MI... ✓ (43.1791, -85.0743)
[53/1349] Geocoding: AGO #26 D Howard City AGO, Howard City, MI... ✓ (43.3921, -85.4713)
[54/1349] Geocoding: AGO #27 Post Dr Citgo, Belmont, MI... ✓ (43.0919, -85.6346)
[55/1349] Geocoding: AGO #28 D 28th St Citgo, Grand Rapids, MI... ✓ (42.9132, -85.5406)
[56/1349] Geocoding: AGO #30 Bella Vista Citgo, Rockford, MI... ✓ (43.0866, -85.5192)
[57/1349] Geocoding: AGO #31 Sunrise Citgo, Ada, MI... ✗ (not found)
[58/1349] Geocoding: AGO #32 D 44th Street BP, Wyoming, MI... ✓ (42.8837, -85.6653)
[59/1349] Geocoding: AGO #33 Cottage Market Citgo, Greenville, MI... ✓ (43.1766, -85.3533)
[60/1349] Geocoding: AGO #34 D Eastown Citgo, Grand Rapids, MI... ✓ (42.9545, -85.6308)
[61/1349] Geocoding: AGO #35 Rockford Citgo, Rockford, MI... ✓ (43.1172, -85.5494)
[62/1349] Geocoding: AGO #36 D Alpine BP, Grand Rapids, MI... ✓ (42.9992, -85.6884)
[63/1349] Geocoding: AGO #37 Sprinkle Road Citgo, Portage, MI... ✓ (42.2152, -85.5405)
[64/1349] Geocoding: AGO #38 D Avenue Citgo, Kalamazoo, MI... ✓ (42.3767, -85.6593)
[65/1349] Geocoding: AGO #39 9th Street Citgo, Kalamazoo, MI... ✓ (42.2422, -85.6774)
[66/1349] Geocoding: AGO #40 D Burton Citgo, Wyoming, MI... ✓ (42.9277, -85.6868)
[67/1349] Geocoding: AGO #41 D Coopersville Citgo, Coopersville, MI... ✓ (43.0599, -85.9580)
[68/1349] Geocoding: AGO #42 D Grandville BP, Grandville, MI... ✓ (42.9142, -85.7622)
[69/1349] Geocoding: AGO #43 Gowen, Gowen, MI... ✓ (43.2357, -85.3697)
[70/1349] Geocoding: AGO #44 Topp Stop AGO, Rockford, MI... ✓ (43.0849, -85.4511)
[71/1349] Geocoding: AGO #45 D-M-91 Citgo, Greenville, MI... ✓ (43.1923, -85.2526)
[72/1349] Geocoding: AGO #46 D North Alpine Citgo, Comstock Park, MI... ✓ (43.0719, -85.6892)
[73/1349] Geocoding: AGO #47 D 76th Street Citgo, Kentwood, MI... ✗ (not found)
[74/1349] Geocoding: AGO #48 D Lansing Citgo, Lansing, MI... ✗ (not found)
[75/1349] Geocoding: AGO #49 D East 44th St Citgo, Kentwood, MI... ✓ (42.8826, -85.6185)
[76/1349] Geocoding: AGO #50 D Wilson Leonard, Grand Rapids, MI... ✗ (not found)
[77/1349] Geocoding: AGO #51 DeWitt, DeWitt, MI... ✗ (not found)
[78/1349] Geocoding: AGO #52 East Lansing, East Lansing, MI... ✓ (42.7463, -84.4829)
[79/1349] Geocoding: AGO #53 Russel Rd, Muskegon, MI... ✓ (43.3252, -86.2361)
[80/1349] Geocoding: AGO #54 Whitehall, Whitehall, MI... ✓ (43.3859, -86.3573)
[81/1349] Geocoding: AGO #55 Fruitvale, Montague, MI... ✓ (43.4442, -86.3451)
[82/1349] Geocoding: AGO #56 Ravenna, Ravenna, MI... ✗ (not found)
[83/1349] Geocoding: AGO #57 New Era, New Era, MI... ✓ (43.5701, -86.3523)
[84/1349] Geocoding: AJ'S, Pentwater, MI... ✗ (not found)
[85/1349] Geocoding: Ajooni Inc, West Branch, MI... ✓ (44.2758, -84.1251)
[86/1349] Geocoding: Aldea Coffee LLC, Muskegon, MI... ✓ (43.2245, -86.2245)
[87/1349] Geocoding: Alinosi, Inc, Detroit, MI... ✓ (42.4235, -82.9938)
[88/1349] Geocoding: All About Discounts/Sugar&Ice, Garrett, IN... ✓ (41.3503, -85.1354)
[89/1349] Geocoding: All American North Cntry St #1, Kent City, MI... ✓ (43.2862, -85.7325)
[90/1349] Geocoding: All American North Cntry St #2, Sparta, MI... ✓ (43.1780, -85.6706)
[91/1349] Geocoding: All American North Cntry St #3, Newaygo, MI... ✓ (43.3928, -85.7626)
[92/1349] Geocoding: Alma Expo Inc., Alma, MI... ✓ (43.3788, -84.6502)
[93/1349] Geocoding: Almont Pastry Shop, Almont Township, MI... ✓ (42.9207, -83.0450)
[94/1349] Geocoding: Aloha Camp Store, Cheboygan, MI... ✓ (45.5264, -84.4663)
[95/1349] Geocoding: Alpine Chocolat Haus - Kitchen, Gaylord, MI... ✓ (45.0234, -84.6820)
[96/1349] Geocoding: American Undercar Inc, Crystal, MI... ✓ (43.2924, -84.8794)
[97/1349] Geocoding: Amoco - Laddi Legacy, Michawaka, IN... ✗ (not found)
[98/1349] Geocoding: Amway Grand Plaza, Grand Rapids, MI... ✓ (42.9654, -85.6711)
[99/1349] Geocoding: Amy's Kitchen Watervliet, Watervliet, MI... ✓ (42.1882, -86.2601)
[100/1349] Geocoding: Anchor Coffee LLC, Spruce, MI... ✗ (not found)
[101/1349] Geocoding: Anew Borculo Fuel, Zeeland, MI... ✓ (42.8849, -86.0205)
[102/1349] Geocoding: Anna's House Northland, Grand Rapids, MI... ✗ (not found)
[103/1349] Geocoding: Apple Corner Store, Muskegon, MI... ✓ (43.2341, -86.1847)
[104/1349] Geocoding: Arcadia Marine Inc, Arcadia, MI... ✓ (44.5080, -86.2314)
[105/1349] Geocoding: Arrows Restaurant, Hudsonville, MI... ✓ (42.8458, -85.8622)
[106/1349] Geocoding: Ashley Party Store, Ashley, MI... ✓ (43.1862, -84.4753)
[107/1349] Geocoding: Ashton General Store, Reed City, MI... ✓ (43.8781, -85.5033)
[108/1349] Geocoding: Aunt Belle's Kitchen, LLC, Rockford, MI... ✓ (43.0846, -85.4593)
[109/1349] Geocoding: Aunt Tiffy's Market, China, MI... ✓ (42.8012, -82.5459)
[110/1349] Geocoding: Azucar Ice Cream Y Mas, Detroit, MI... ✗ (not found)
[111/1349] Geocoding: B-Town Party Store, Beaverton, MI... ✗ (not found)
[112/1349] Geocoding: B & C Dairy Freeze ( KEY #68 ), Otsego, MI... ✓ (42.4523, -85.6831)
[113/1349] Geocoding: B & D Creamery, Essexville, MI... ✗ (not found)
[114/1349] Geocoding: B&B Party Store I/C, Grand Rapids, MI... ✓ (42.9851, -85.6804)
[115/1349] Geocoding: Babe's Corner, Lansing, MI... ✓ (42.7302, -84.5520)
[116/1349] Geocoding: Back 40 Grocery & Variety, Cambridge City, IN... ✗ (not found)
[117/1349] Geocoding: Baldwin Quick Stop, Baldwin, MI... ✓ (43.8912, -85.8518)
[118/1349] Geocoding: Banana Boat - Corunna Rd., Flint, MI... ✓ (43.0020, -83.7524)
[119/1349] Geocoding: Barden's Farm Market, South Haven, MI... ✗ (not found)
[120/1349] Geocoding: Baroda Soda LLC, Baroda, MI... ✗ (not found)
[121/1349] Geocoding: Barton City General Store, Barton City, MI... ✓ (44.6835, -83.6011)
[122/1349] Geocoding: Bartos, Livonia, MI... ✓ (42.3797, -83.3788)
[123/1349] Geocoding: Beachplace ( KEY #92 ), Holland, MI... ✗ (not found)
[124/1349] Geocoding: Beal City Village Store, Mt Pleasant, MI... ✓ (43.6695, -84.9083)
[125/1349] Geocoding: Bear Lake Market, Bear Lake, MI... ✓ (44.4134, -86.1521)
[126/1349] Geocoding: Beards Country Store, Byron, MI... ✓ (42.8171, -83.9333)
[127/1349] Geocoding: Beechtree Party Store-Sunoco, Grand Haven, MI... ✗ (not found)
[128/1349] Geocoding: Ben & Janie's, Addison, MI... ✗ (not found)
[129/1349] Geocoding: Bent Tree Markets, Dowagiac, MI... ✗ (not found)
[130/1349] Geocoding: Berlin Fairy Dairy Group, Coopersville, MI... ✗ (not found)
[131/1349] Geocoding: Besons Corner Store, Linwood, MI... ✓ (43.7804, -83.9735)
[132/1349] Geocoding: Bethany Beach Tab (KEY #10), Sawyer, MI... ✗ (not found)
[133/1349] Geocoding: Big Bend Family Campground, Standish, MI... ✓ (44.0255, -83.8271)
[134/1349] Geocoding: Big Dipper Wayland (KEY #42 ), Wayland, MI... ✓ (42.6737, -85.6440)
[135/1349] Geocoding: Big Happy's LLC, Hesperia, MI... ✗ (not found)
[136/1349] Geocoding: Big Oak BBQ, Indian River, MI... ✓ (45.3867, -84.6288)
[137/1349] Geocoding: Big Star Scoops 'N' Treats LLC, Baldwin, MI... ✗ (not found)
[138/1349] Geocoding: Big Top Ice Cream Shop, Ithaca, MI... ✓ (43.2916, -84.5931)
[139/1349] Geocoding: Biggby #1 ABM, East Lansing, MI... ✗ (not found)
[140/1349] Geocoding: Biggby #1026 Grand Haven, Grand Haven, MI... ✓ (43.0678, -86.2207)
[141/1349] Geocoding: Biggby #1035 Hudsonville, Hudsonville, MI... ✗ (not found)
[142/1349] Geocoding: Biggby #1037 Hamilton, Hamilton, MI... ✓ (42.6693, -85.9970)
[143/1349] Geocoding: Biggby #1065 Richmond, Richmond, MI... ✓ (42.7980, -82.7390)
[144/1349] Geocoding: Biggby #1081 Howard City, Howard City, MI... ✗ (not found)
[145/1349] Geocoding: Biggby #1090 Saginaw, Saginaw, MI... ✓ (43.4149, -83.9054)
[146/1349] Geocoding: Biggby #1117 Mt. Morris, Mt. Morris, MI... ✓ (43.1149, -83.6943)
[147/1349] Geocoding: Biggby #1124 Allegan, Allegan, MI... ✓ (42.5185, -85.8384)
[148/1349] Geocoding: Biggby #1127 Mishawaka, Mishawaka, IN... ✓ (41.6804, -86.1792)
[149/1349] Geocoding: Biggby #1138 Harrison, Harrison, MI... ✓ (44.0265, -84.8040)
[150/1349] Geocoding: Biggby #1142 Jackson, Jackson, MI... ✓ (42.1678, -84.2617)
[151/1349] Geocoding: Biggby #1178 Caro, Caro, MI... ✓ (43.4084, -83.3830)
[152/1349] Geocoding: Biggby #118 Threshold, Inc, Lansing, MI... ✓ (42.7406, -84.6802)
[153/1349] Geocoding: Biggby #122 ABM, Northwood, OH... ✓ (41.6163, -83.4859)
[154/1349] Geocoding: Biggby #1226 Holland, Holland, MI... ✓ (42.7976, -86.0786)
[155/1349] Geocoding: Biggby #1227 Holland, Holland, MI... ✓ (42.7615, -86.1167)
[156/1349] Geocoding: Biggby #1228 Zeeland, Zeeland, MI... ✓ (42.8128, -86.0341)
[157/1349] Geocoding: Biggby #1229 Holland, Holland, MI... ✓ (42.7890, -86.1032)
[158/1349] Geocoding: Biggby #1230 Holland, Holland, MI... ✓ (42.8281, -86.0961)
[159/1349] Geocoding: Biggby #1235 Cadillac, Cadillac, MI... ✓ (44.2767, -85.4065)
[160/1349] Geocoding: Biggby #125 Home Ground Inc, DeWitt, MI... ✓ (42.8252, -84.5886)
[161/1349] Geocoding: Biggby #127 ABM, Holland, OH... ✗ (not found)
[162/1349] Geocoding: Biggby #129 ABM, Perrysburg, OH... ✗ (not found)
[163/1349] Geocoding: Biggby #130 ABM, Sylvania, OH... ✓ (41.6911, -83.7040)
[164/1349] Geocoding: Biggby #140 ABM, East Lansing, MI... ✓ (42.7420, -84.5024)
[165/1349] Geocoding: Biggby #143 Jackson, Jackson, MI... ✓ (42.2568, -84.4283)
[166/1349] Geocoding: Biggby #151 ABM, Kalamazoo, MI... ✓ (42.2969, -85.6454)
[167/1349] Geocoding: Biggby #163 ABM, East Lansing, MI... ✓ (42.7210, -84.4927)
[168/1349] Geocoding: Biggby #170 A Doppelganger, St Johns, MI... ✓ (42.9920, -84.5457)
[169/1349] Geocoding: Biggby #195 ABM, Toledo, OH... ✗ (not found)
[170/1349] Geocoding: Biggby #214 Grand Ledge, Grand Ledge, MI... ✗ (not found)
[171/1349] Geocoding: Biggby #215 Trophy Point, Inc, Lansing, MI... ✓ (42.7412, -84.8729)
[172/1349] Geocoding: Biggby #222 ABM, Lansing, MI... ✗ (not found)
[173/1349] Geocoding: Biggby #223 ABM, Toledo, OH... ✓ (41.6913, -83.6423)
[174/1349] Geocoding: Biggby #244 Mason JE Coffee, Mason, MI... ✓ (42.5890, -84.4583)
[175/1349] Geocoding: Biggby #266 Henry, Muskegon, MI... ✓ (43.1923, -86.2641)
[176/1349] Geocoding: Biggby #324 Elkhart, Elkhart, IN... ✗ (not found)
[177/1349] Geocoding: Biggby #333 Owosso, Owosso, MI... ✓ (42.9975, -84.1690)
[178/1349] Geocoding: Biggby #336 Atkinson, Flint, MI... ✓ (43.0093, -83.7729)
[179/1349] Geocoding: Biggby #342 ABM, Marshall, MI... ✓ (42.2720, -84.9786)
[180/1349] Geocoding: Biggby #344 Kraft, Grand Rapids, MI... ✗ (not found)
[181/1349] Geocoding: Biggby #345 Albion, Albion, MI... ✓ (42.2471, -84.7506)
[182/1349] Geocoding: Biggby #349 ABM, Lansing, MI... ✗ (not found)
[183/1349] Geocoding: Biggby #357 Caledonia, Caledonia, MI... ✓ (42.7830, -85.5060)
[184/1349] Geocoding: Biggby #380 Lowell, Lowell, MI... ✓ (42.9304, -85.3771)
[185/1349] Geocoding: Biggby #384 ABM, Monroe, MI... ✗ (not found)
[186/1349] Geocoding: Biggby #385 ABM, Haslett, MI... ✓ (42.7477, -84.4075)
[187/1349] Geocoding: Biggby #391 Apple Ave., Muskegon, MI... ✓ (43.2346, -86.2022)
[188/1349] Geocoding: Biggby #395 ABM, Toledo, OH... ✓ (41.6733, -83.7213)
[189/1349] Geocoding: Biggby #396 ABM, Ann Arbor, MI... ✗ (not found)
[190/1349] Geocoding: Biggby #408 ABM, Lansing, MI... ✗ (not found)
[191/1349] Geocoding: Biggby #419 Wayland, Wayland, MI... ✓ (42.6736, -85.6544)
[192/1349] Geocoding: Biggby #424 The Corps, Inc, Lansing, MI... ✓ (42.7266, -84.6129)
[193/1349] Geocoding: Biggby #425 Spring Lake, Spring Lake, MI... ✗ (not found)
[194/1349] Geocoding: Biggby #427 Sparta, Sparta, MI... ✓ (43.1554, -85.7101)
[195/1349] Geocoding: Biggby #438 Jackson JE Coffee, Jackson, MI... ✓ (42.2874, -84.4645)
[196/1349] Geocoding: Biggby #448 Battle Creek, Battle Creek, MI... ✓ (42.2974, -85.2200)
[197/1349] Geocoding: Biggby #452 Jackson, Jackson, MI... ✓ (42.2454, -84.4003)
[198/1349] Geocoding: Biggby #454 Fremont, Fremont, MI... ✓ (43.4673, -85.9666)
[199/1349] Geocoding: Biggby #463 South Haven, South Haven, MI... ✓ (42.4024, -86.2588)
[200/1349] Geocoding: Biggby #464 Flushing, Flushing, MI... ✓ (43.0598, -83.8096)
[201/1349] Geocoding: Biggby #467 Ludington, Ludington, MI... ✗ (not found)
[202/1349] Geocoding: Biggby #473 Jackson, Jackson, MI... ✓ (42.2004, -84.4378)
[203/1349] Geocoding: Biggby #480 Davison, Davison, MI... ✓ (43.0234, -83.5177)
[204/1349] Geocoding: Biggby #488 Atkinson, Clio, MI... ✗ (not found)
[205/1349] Geocoding: Biggby #491 Spring Arbor, Spring Arbor, MI... ✓ (42.2082, -84.5366)
[206/1349] Geocoding: Biggby #493 Greenville, Greenville, MI... ✓ (43.1761, -85.3533)
[207/1349] Geocoding: Biggby #5 ABM, Lansing, MI... ✗ (not found)
[208/1349] Geocoding: Biggby #500 Elkhart, Elkhart, IN... ✓ (41.6939, -85.8893)
[209/1349] Geocoding: Biggby #501 Roseland, Roseland, IN... ✓ (41.7211, -86.2505)
[210/1349] Geocoding: Biggby #514 Coopersville, Coopersville, MI... ✓ (43.0599, -85.9542)
[211/1349] Geocoding: Biggby #517 Whitehall, Whitehall, MI... ✗ (not found)
[212/1349] Geocoding: Biggby #518 Granger, Granger, IN... ✓ (41.7245, -86.0948)
[213/1349] Geocoding: Biggby #519 Saugatuck KEY #114, Saugatuck, MI... ✓ (42.6790, -86.1771)
[214/1349] Geocoding: Biggby #523 Goshen, Goshen, IN... ✓ (41.5981, -85.8616)
[215/1349] Geocoding: Biggby #536 Muskegon, Norton Shores, MI... ✗ (not found)
[216/1349] Geocoding: Biggby #551 Kalamazoo, Kalamazoo, MI... ✓ (42.2959, -85.6792)
[217/1349] Geocoding: Biggby #555 Benton Harbon, Benton Harbor, MI... ✗ (not found)
[218/1349] Geocoding: Biggby #564 Traverse City, Traverse City, MI... ✗ (not found)
[219/1349] Geocoding: Biggby #565 Traverse City, Traverse City, MI... ✗ (not found)
[220/1349] Geocoding: Biggby #568 Eaton Rapids, Eaton Rapids, MI... ✗ (not found)
[221/1349] Geocoding: Biggby #571 Jonesville, Jonesville, MI... ✓ (41.9818, -84.6667)
[222/1349] Geocoding: Biggby #583 Atkinson, Swartz Creek, MI... ✓ (42.9675, -83.8307)
[223/1349] Geocoding: Biggby #600 Atkinson, Burton, MI... ✓ (42.9918, -83.6339)
[224/1349] Geocoding: Biggby #605 Lansing, Lansing, MI... ✓ (42.6671, -84.5395)
[225/1349] Geocoding: Biggby #606 Holt, Holt, MI... ✓ (42.6311, -84.5060)
[226/1349] Geocoding: Biggby #611 Stevensville, Stevensville, MI... ✓ (42.0276, -86.5156)
[227/1349] Geocoding: Biggby #614 Holton Rd KEY 103, North Muskegon, MI... ✓ (43.2665, -86.2490)
[228/1349] Geocoding: Biggby #626 Clinton JMB Mngmnt, Clinton, MI... ✓ (42.0723, -83.9710)
[229/1349] Geocoding: Biggby #635 Perry, Perry, MI... ✓ (42.8365, -84.2169)
[230/1349] Geocoding: Biggby #655 Niles, Niles, MI... ✓ (41.8195, -86.2471)
[231/1349] Geocoding: Biggby #660 Jackson L&R Espres, Jackson, MI... ✓ (42.2926, -84.4093)
[232/1349] Geocoding: Biggby #663 Jackson, Jackson, MI... ✓ (42.1968, -84.3787)
[233/1349] Geocoding: Biggby #671 US 31 T.C., Traverse City, MI... ✓ (44.6716, -85.6575)
[234/1349] Geocoding: Biggby #682 - Coloma, Coloma, MI... ✓ (42.1945, -86.2982)
[235/1349] Geocoding: Biggby #689 Ithaca, Ithaca, MI... ✓ (43.2909, -84.5889)
[236/1349] Geocoding: Biggby #692 Newaygo, Newaygo, MI... ✗ (not found)
[237/1349] Geocoding: Biggby #693 Manistee, Manistee, MI... ✓ (44.2668, -86.2953)
[238/1349] Geocoding: Biggby #702 Atkinson, Lapeer, MI... ✓ (43.0361, -83.3617)
[239/1349] Geocoding: Biggby #705 Clare, Clare, MI... ✓ (43.8376, -84.7681)
[240/1349] Geocoding: Biggby #708 Belding, Belding, MI... ✓ (43.0960, -85.2258)
[241/1349] Geocoding: Biggby #710 Leslie L&R Express, Leslie, MI... ✓ (42.4511, -84.4265)
[242/1349] Geocoding: Biggby #711 Cedar Springs, Cedar Springs, MI... ✓ (43.2219, -85.5713)
[243/1349] Geocoding: Biggby #712 Owosso, Owosso, MI... ✓ (42.9978, -84.1890)
[244/1349] Geocoding: Biggby #714 S Airport Rd T.C., Traverse City, MI... ✓ (44.7337, -85.5970)
[245/1349] Geocoding: Biggby #773 Plainwell, Plainwell, MI... ✗ (not found)
[246/1349] Geocoding: Biggby #783 Dowagiac, Dowagiac, MI... ✓ (41.9911, -86.1092)
[247/1349] Geocoding: Biggby #774 Atkinson, Metamora, MI... ✓ (42.9553, -83.3147)
[248/1349] Geocoding: Biggby #778 Bridgman, Bridgman, MI... ✓ (41.9285, -86.5726)
[249/1349] Geocoding: Biggby #782 Berrien Springs, Berrien Springs, MI... ✓ (41.9472, -86.3396)
[250/1349] Geocoding: Biggby #785 Jackson L&R Expres, Jackson, MI... ✓ (42.2592, -84.4040)
[251/1349] Geocoding: Biggby #816 Hart, Hart, MI... ✓ (43.6893, -86.3836)
[252/1349] Geocoding: Biggby #817  Bhappy LLC, Rockford, MI... ✓ (43.1289, -85.5508)
[253/1349] Geocoding: Biggby #818 Lake City, Lake City, MI... ✓ (44.3392, -85.2108)
[254/1349] Geocoding: Biggby #854 Cadillac, Cadillac, MI... ✗ (not found)
[255/1349] Geocoding: Biggby #859 ABM, East Lansing, MI... ✗ (not found)
[256/1349] Geocoding: Bird Farm Meats Inc., Howard City, MI... ✗ (not found)
[257/1349] Geocoding: Black Bird Ice Cream, Prescott, MI... ✗ (not found)
[258/1349] Geocoding: Bliss Ice Cream, Dearborn Heights, MI... ✓ (42.2693, -83.2601)
[259/1349] Geocoding: Blondie's Sweet Spot, Gaylord, MI... ✓ (45.0284, -84.6776)
[260/1349] Geocoding: Blue Lake Fine Arts Camp, Twin Lake, MI... ✗ (not found)
[261/1349] Geocoding: Blue Moon, Cedar, MI... ✓ (44.8472, -85.7955)
[262/1349] Geocoding: Blue Moon Ovid, Ovid, MI... ✗ (not found)
[263/1349] Geocoding: Bob's CountryStore, Jackson, MI... ✓ (42.1999, -84.4386)
[264/1349] Geocoding: Bob-A-Lu Market, Herron, MI... ✓ (44.9827, -83.6472)
[265/1349] Geocoding: Bombshell Treat bar, Berkley, MI... ✓ (42.4969, -83.1834)
[266/1349] Geocoding: Borculo Express, Zeeland, MI... ✓ (42.8817, -86.0210)
[267/1349] Geocoding: Borders Corner Store, Inc, Mt Pleasant, MI... ✗ (not found)
[268/1349] Geocoding: Borland Gas and Grocery, Morley, MI... ✓ (43.5395, -85.4439)
[269/1349] Geocoding: Bouncing All Around, Madison Heights, MI... ✓ (42.4907, -83.0869)
[270/1349] Geocoding: Bowerman's Downtown 8th Ave, Holland, MI... ✓ (42.7902, -86.1070)
[271/1349] Geocoding: Bowerman Farm Market, Holland, MI... ✓ (42.8121, -86.1052)
[272/1349] Geocoding: Boyne Marathon, Boyne City, MI... ✓ (45.2212, -85.0152)
[273/1349] Geocoding: BP - MK11, Mishawaka, IN... ✓ (41.6802, -86.1575)
[274/1349] Geocoding: BP - Noor Empire, Granger, IN... ✓ (41.7349, -86.1555)
[275/1349] Geocoding: BP - RL19, South Bend, IN... ✓ (41.6804, -86.1975)
[276/1349] Geocoding: BP - SB21, New Paris, IN... ✓ (41.4936, -85.8347)
[277/1349] Geocoding: BP Hoosier To Go, Whitestown, IN... ✓ (39.9813, -86.3513)
[278/1349] Geocoding: Branch Grocery Store, Branch, MI... ✗ (not found)
[279/1349] Geocoding: Bricks At Campau Corner, Alto, MI... ✗ (not found)
[280/1349] Geocoding: Bridge Street Market, Grand Rapids, MI... ✓ (42.9707, -85.6830)
[281/1349] Geocoding: Brinks Ice Cream Exprs(KEY #86, Caledonia, MI... ✓ (42.7894, -85.5151)
[282/1349] Geocoding: Broadmoor Convenience Store, Caledonia, MI... ✓ (42.8409, -85.5322)
[283/1349] Geocoding: Brookside Disc Grocery, Newaygo, MI... ✓ (43.4237, -85.8890)
[284/1349] Geocoding: Bubble Shack LLC, Walled Lake, MI... ✓ (42.5317, -83.4839)
[285/1349] Geocoding: Buchan's Blueberry Hill, Traverse City, MI... ✓ (44.8614, -85.5469)
[286/1349] Geocoding: Buchan's West Bay, Traverse City, MI... ✓ (44.7900, -85.6385)
[287/1349] Geocoding: Buk's Party Store, Ovid, MI... ✓ (43.0056, -84.3716)
[288/1349] Geocoding: Buoy 18, Bay City, MI... ✓ (43.6015, -83.8958)
[289/1349] Geocoding: Burlingame Dip, Wyoming, MI... ✓ (42.8995, -85.7049)
[290/1349] Geocoding: Burton Meat Farm, Grand Rapids, MI... ✓ (42.9278, -85.6772)
[291/1349] Geocoding: Busy Bee market, Johannesburg, MI... ✗ (not found)
[292/1349] Geocoding: C-Store Portage, Portage, MI... ✗ (not found)
[293/1349] Geocoding: Cabanas, St Joseph, MI... ✓ (42.1090, -86.4834)
[294/1349] Geocoding: Cafecito Caliente, Lansing, MI... ✗ (not found)
[295/1349] Geocoding: Cairn's Country Cones (KEY #25, Stanton, MI... ✓ (43.3127, -85.2434)
[296/1349] Geocoding: Camp AO-WA-KIYA, Shelby, MI... ✗ (not found)
[297/1349] Geocoding: Camp Henry, Newaygo, MI... ✓ (43.4524, -85.8208)
[298/1349] Geocoding: Cannonsburg Grist Mill, Cannonsburg, MI... ✓ (43.0538, -85.4695)
[299/1349] Geocoding: Capital City Sweets LLC, Lansing, MI... ✓ (42.7331, -84.5077)
[300/1349] Geocoding: Captain Custard, Grand Haven, MI... ✓ (43.0631, -86.2352)
[301/1349] Geocoding: Carp Lake General Store, Carp Lake, MI... ✓ (45.6945, -84.7813)
[302/1349] Geocoding: Carsonville Dairy, Carsonville, MI... ✗ (not found)
[303/1349] Geocoding: Cascades Ice Cream Co, Jackson, MI... ✓ (42.2365, -84.4331)
[304/1349] Geocoding: Caseville Mkt, Caseville, MI... ✓ (43.9397, -83.2724)
[305/1349] Geocoding: Cass City Liquor Store LLC, Cass City, MI... ✓ (43.6009, -83.1713)
[306/1349] Geocoding: Cathy's Homemade Goodies, St Clair Shores, MI... ✓ (42.5220, -82.8987)
[307/1349] Geocoding: CB Trading Post, Newaygo, MI... ✗ (not found)
[308/1349] Geocoding: Cedar Lake Grocery, Greenbush, MI... ✗ (not found)
[309/1349] Geocoding: Chapbook Cafe-Schuler's GR, Grand Rapids, MI... ✓ (42.9113, -85.6013)
[310/1349] Geocoding: Chapbook Cafe-Schuler's Okemos, Okemos, MI... ✓ (42.7248, -84.4186)
[311/1349] Geocoding: Chappel Dam Grocery, Gladwin, MI... ✓ (44.0091, -84.5256)
[312/1349] Geocoding: Charley's Ice Cream, Gowen, MI... ✗ (not found)
[313/1349] Geocoding: Cheema Pump & Pantry, Muskegon, MI... ✓ (43.2194, -86.1916)
[314/1349] Geocoding: Cherri's Chocol'Art LLC KEY#32, Kalamazoo, MI... ✓ (42.2931, -85.5834)
[315/1349] Geocoding: Cherry Hill Supermarket, Shelby, MI... ✓ (43.6164, -86.3580)
[316/1349] Geocoding: Cherry Republic, Empire, MI... ✓ (44.8185, -86.0564)
[317/1349] Geocoding: Chicken Express, Flint, MI... ✓ (43.0175, -83.7504)
[318/1349] Geocoding: Chill'N Parrot, Owosso, MI... ✓ (42.9975, -84.1690)
[319/1349] Geocoding: Chillz Delights (KEY #119), N Manchester, IN... ✗ (not found)
[320/1349] Geocoding: Chillz Fort Wayne, Fort Wayne, IN... ✓ (41.0159, -85.3113)
[321/1349] Geocoding: Choco Mania Cafe-Birmingham, Birmingham, MI... ✓ (42.5455, -83.2135)
[322/1349] Geocoding: Choco Mania Cafe, Sterling Heights, MI... ✓ (42.6217, -83.0523)
[323/1349] Geocoding: Chocolate Moose, Portland, MI... ✓ (42.8693, -84.9032)
[324/1349] Geocoding: Christos Family Dining, Plymouth, IN... ✓ (41.3611, -86.3126)
[325/1349] Geocoding: Cindy's Donuts And Ice Cream, Kentwood, MI... ✓ (42.9125, -85.5671)
[326/1349] Geocoding: Citgo - TEJ28, South Bend, IN... ✓ (41.6892, -86.2935)
[327/1349] Geocoding: Citgo Sunrise Travel Center, Oscoda, MI... ✗ (not found)
[328/1349] Geocoding: Clarksville Feed Store, Clarksville, MI... ✓ (42.8373, -85.2424)
[329/1349] Geocoding: Clear Lake Party Store, West Branch, MI... ✗ (not found)
[330/1349] Geocoding: Clem's Market, Muskegon, MI... ✗ (not found)
[331/1349] Geocoding: Cobb's Cones LLC, Traverse City, MI... ✗ (not found)
[332/1349] Geocoding: CoCoJo's A Zoomers RV Resort, Lagro, IN... ✗ (not found)
[333/1349] Geocoding: Coffee & Toffee, Shelby Township, MI... ✓ (42.6422, -82.9740)
[334/1349] Geocoding: Colby's Cafe & Brew LLC, Whitehall, MI... ✗ (not found)
[335/1349] Geocoding: Coley Central Vending, Mt Pleasant, MI... ✗ (not found)
[336/1349] Geocoding: Coloma Dairy Corner, Coloma, MI... ✓ (42.1834, -86.3044)
[337/1349] Geocoding: Cone Corral, Middleville, MI... ✓ (42.7133, -85.4700)
[338/1349] Geocoding: Cone Lickers, Cadillac, MI... ✗ (not found)
[339/1349] Geocoding: Cone Palace, Kokomo, IN... ✓ (40.4331, -86.1283)
[340/1349] Geocoding: Cone Zone, Owosso, MI... ✓ (42.9996, -84.1730)
[341/1349] Geocoding: Coney Cone, Rapid City, MI... ✓ (44.8330, -85.2830)
[342/1349] Geocoding: Coneyland  (KEY #106 ), Muskegon, MI... ✓ (43.2913, -86.2610)
[343/1349] Geocoding: Conlee Oil - #8, Clio, MI... ✓ (43.1781, -83.7155)
[344/1349] Geocoding: Conlee Oil - Birch Run, Birch Run, MI... ✓ (43.2498, -83.7717)
[345/1349] Geocoding: Conlee Oil - Clio, Clio, MI... ✗ (not found)
[346/1349] Geocoding: Conlee Oil - Downtown Clio, Clio, MI... ✓ (43.1708, -83.7342)
[347/1349] Geocoding: Conlee Oil - Frankenmuth, Frankenmuth, MI... ✓ (43.3212, -83.7400)
[348/1349] Geocoding: Conlee Oil - Montrose, Montrose, MI... ✓ (43.1761, -83.9364)
[349/1349] Geocoding: Conlee Oil - Otisville, Otisville, MI... ✓ (43.1678, -83.5248)
[350/1349] Geocoding: Converse Big Dipper, Converse, IN... ✓ (40.5780, -85.8736)
[351/1349] Geocoding: Cookies 'n Cream LLC, Fremont, MI... ✗ (not found)
[352/1349] Geocoding: Cookies & Cream, Lake Orion, MI... ✓ (42.7838, -83.2394)
[353/1349] Geocoding: Coopersville Creamery, Coopersville, MI... ✓ (43.0637, -85.9345)
[354/1349] Geocoding: Copemish Kitchen & Coffee, Copemish, MI... ✓ (44.4801, -85.9250)
[355/1349] Geocoding: Cops & Robbers - Birch Run, Birch Run, MI... ✗ (not found)
[356/1349] Geocoding: Cops And Robbers - Paddy Wagon, Flushing, MI... ✓ (43.0391, -83.7772)
[357/1349] Geocoding: Cops and Robbers, Flushing, MI... ✓ (43.0632, -83.8512)
[358/1349] Geocoding: Cops And Robbers Caboose, Montrose, MI... ✓ (43.1763, -83.8861)
[359/1349] Geocoding: Corner House, Gladwin, MI... ✗ (not found)
[360/1349] Geocoding: Corner Stop Ice Cream (KEY #89, Lowell, MI... ✓ (42.9308, -85.3719)
[361/1349] Geocoding: Cosmic Candy Company, Pentwater, MI... ✓ (43.7803, -86.4330)
[362/1349] Geocoding: Cotants Farm Market (KEY #69 ), Hastings, MI... ✓ (42.6169, -85.2737)
[363/1349] Geocoding: Cottage Creamery, Midland, MI... ✓ (43.6445, -84.2994)
[364/1349] Geocoding: Country Corner Market, Mt Pleasant, MI... ✗ (not found)
[365/1349] Geocoding: Country Market, Lapeer, MI... ✓ (43.0446, -83.2559)
[366/1349] Geocoding: Country Store, St Johns, MI... ✓ (43.0012, -84.5447)
[367/1349] Geocoding: Country Sundae LLC, Hudsonville, MI... ✗ (not found)
[368/1349] Geocoding: County Fair Market, Warren, MI... ✓ (42.4706, -83.0844)
[369/1349] Geocoding: County Fair Store, Hale, MI... ✓ (44.3779, -83.8066)
[370/1349] Geocoding: Covert Park Beach  & Campgrnd, Covert, MI... ✗ (not found)
[371/1349] Geocoding: Covert/South Haven KOA, Covert, MI... ✗ (not found)
[372/1349] Geocoding: Cow Licks L.  Farm (KEY #91 ), Rockford, MI... ✗ (not found)
[373/1349] Geocoding: Creative Dining-Kettering Univ, Flint, MI... ✓ (43.0140, -83.7140)
[374/1349] Geocoding: Creative Dining - Commons, Grand Rapids, MI... ✓ (42.9290, -85.5882)
[375/1349] Geocoding: Creative Dining -MSU FCU HQ1, East Lansing, MI... ✓ (42.7788, -84.5114)
[376/1349] Geocoding: Creative Dining AO South, Lansing, MI... ✗ (not found)
[377/1349] Geocoding: Creative Dining Serv-Auto, Lansing, MI... ✗ (not found)
[378/1349] Geocoding: Creative Dining Serv-Farm Bur, Lansing, MI... ✓ (42.7411, -84.9828)
[379/1349] Geocoding: Creative Dining Serv-Jackson, Lansing, MI... ✗ (not found)
[380/1349] Geocoding: Crossroads Blueberry Market, West Olive, MI... ✗ (not found)
[381/1349] Geocoding: Crossroads Market, Owosso, MI... ✓ (43.0130, -84.1833)
[382/1349] Geocoding: Curley Cone Hastings (KEY #85), Hastings, MI... ✓ (42.6497, -85.2939)
[383/1349] Geocoding: Curley Cone Wayland, Wayland, MI... ✗ (not found)
[384/1349] Geocoding: Currie's BP, Big Rapids, MI... ✓ (43.6996, -85.4741)
[385/1349] Geocoding: Custard By The Dam ( KEY #80 ), Rockford, MI... ✓ (43.1203, -85.5610)
[386/1349] Geocoding: CV Kwik Mart LLC, Luther, MI... ✓ (44.0316, -85.7221)
[387/1349] Geocoding: D Ave Fuel Plaza, Kalamazoo, MI... ✓ (42.3769, -85.6513)
[388/1349] Geocoding: D&W 1591 Knapp Milk, Grand Rapids, MI... ✗ (not found)
[389/1349] Geocoding: Daily Deals, Comstock Park, MI... ✓ (43.0361, -85.6682)
[390/1349] Geocoding: Daily Deals, Grand Rapids, MI... ✓ (42.9802, -85.6683)
[391/1349] Geocoding: Daily Deals, Greenville, MI... ✓ (43.1809, -85.2778)
[392/1349] Geocoding: Daily Deals, Allendale, MI... ✓ (42.9726, -85.9087)
[393/1349] Geocoding: Daily Deals, Muskegon, MI... ✓ (43.2052, -86.2006)
[394/1349] Geocoding: Dairy Ace, Mio, MI... ✓ (44.6525, -84.1312)
[395/1349] Geocoding: Dairy Dan, Lansing, MI... ✓ (42.6556, -84.5331)
[396/1349] Geocoding: Dairy Dayz (KEY # 45 ), Saugatuck, MI... ✓ (42.6784, -86.1788)
[397/1349] Geocoding: Dairy De-Lite ( KEY #77 ), Comstock Park, MI... ✓ (43.0339, -85.6657)
[398/1349] Geocoding: Dairy Depot, Reed City, MI... ✓ (43.8707, -85.5097)
[399/1349] Geocoding: Sandy Pines Cafe ( KEY #66 ), Hopkins, MI... ✓ (42.6822, -85.8139)
[400/1349] Geocoding: Dairy Firm (KRAFT), Frankenmuth, MI... ✓ (43.3215, -83.7130)
[401/1349] Geocoding: Dairy Hill, Mason, MI... ✓ (42.5786, -84.4336)
[402/1349] Geocoding: Dairy Phil, Clare, MI... ✓ (43.8249, -84.7685)
[403/1349] Geocoding: Dairy Ranch (KEY #38 ), Dorr, MI... ✓ (42.7257, -85.7143)
[404/1349] Geocoding: Dairy Treat - GH, Grand Haven, MI... ✓ (43.0629, -86.2350)
[405/1349] Geocoding: Dairy Twist Cafe, Walled Lake, MI... ✗ (not found)
[406/1349] Geocoding: Dairy Zone, Petoskey, MI... ✗ (not found)
[407/1349] Geocoding: Dalzell Dairy, Suttons Bay, MI... ✓ (44.9781, -85.6503)
[408/1349] Geocoding: Danny's Diner, Middlebury, IN... ✓ (41.6700, -85.7057)
[409/1349] Geocoding: Dansville Gas and More, Dansville, MI... ✓ (42.5562, -84.3033)
[410/1349] Geocoding: Dave's Party Store, Hart, MI... ✓ (43.6965, -86.3608)
[411/1349] Geocoding: De Vor Dairy Farm & Creamery, Kalkaska, MI... ✓ (44.6990, -85.0648)
[412/1349] Geocoding: Deangelos Pizzeria (KEY #113), Denver, IN... ✓ (40.8650, -86.0774)
[413/1349] Geocoding: DeGrandchamp Farms, South Haven, MI... ✗ (not found)
[414/1349] Geocoding: Delski's Meats, Wyoming, MI... ✓ (42.8838, -85.7083)
[415/1349] Geocoding: Derminer's Parkside Market, Gaylord, MI... ✓ (44.9953, -84.6772)
[416/1349] Geocoding: Des Cakes and Ice Cream, Saranac, MI... ✓ (42.9299, -85.2133)
[417/1349] Geocoding: Detroit Cookie Co. - East, St Clair Shores, MI... ✓ (42.4832, -82.9000)
[418/1349] Geocoding: Detroit Cookie Co. - Ferndale, Ferndale, MI... ✓ (42.4662, -83.1381)
[419/1349] Geocoding: Detroit Scoops, White Lake, MI... ✓ (42.6711, -83.4632)
[420/1349] Geocoding: DeWitt Golf Center, DeWitt, MI... ✓ (42.8428, -84.5437)
[421/1349] Geocoding: Dewitt Party Store, DeWitt, MI... ✓ (42.8419, -84.5690)
[422/1349] Geocoding: Diesel Man, Inc, Battle Creek, MI... ✓ (42.2788, -85.2864)
[423/1349] Geocoding: DJ's Bakery, Ann Arbor, MI... ✓ (42.2451, -83.7015)
[424/1349] Geocoding: Doc's New Boston, LLC, New Boston, MI... ✓ (42.1625, -83.4027)
[425/1349] Geocoding: Doctor Depot, Coral, MI... ✓ (43.3620, -85.4028)
[426/1349] Geocoding: Doordash Det-1 Ferndale, Ferndale, MI... ✓ (42.4643, -83.1265)
[427/1349] Geocoding: Doordash Det-10 Canton, Canton, MI... ✓ (42.3255, -83.4882)
[428/1349] Geocoding: Doordash Det-3 Sterling Hgts, Sterling Heights, MI... ✓ (42.6079, -83.0799)
[429/1349] Geocoding: Doordash Det-6 Roseville, Roseville, MI... ✓ (42.4903, -82.9416)
[430/1349] Geocoding: Doordash Det-7 Southgate, Southgate, MI... ✗ (not found)
[431/1349] Geocoding: Doordash Grr-1 Wyoming, Wyoming, MI... ✗ (not found)
[432/1349] Geocoding: Doordash Kzo-1 Kalamazoo, Kalamazoo, MI... ✓ (42.2803, -85.5746)
[433/1349] Geocoding: Doordash Lan-1 Lansing, Lansing, MI... ✓ (42.7348, -84.5022)
[434/1349] Geocoding: Doozie's Ice Cream, Mt Pleasant, MI... ✓ (43.6117, -84.7890)
[435/1349] Geocoding: Dore's  - Kawkawlin, Kawkawlin, MI... ✓ (43.6670, -83.9512)
[436/1349] Geocoding: Dore's Dutch Village, Bay City, MI... ✓ (43.5772, -83.9157)
[437/1349] Geocoding: Dore's Stores - Alger, Alger, MI... ✓ (44.1421, -84.1280)
[438/1349] Geocoding: Dore's Stores - Bay City, Bay City, MI... ✗ (not found)
[439/1349] Geocoding: Dore's Stores - Bay City, Bay City, MI... ✓ (43.5878, -83.8638)
[440/1349] Geocoding: Dore's Stores - Gladwin, Gladwin, MI... ✓ (43.9812, -84.4707)
[441/1349] Geocoding: Dore's Stores - Kawkawlin, Kawkawlin, MI... ✓ (43.6678, -84.0154)
[442/1349] Geocoding: Dore's Stores - Linwood, Linwood, MI... ✓ (43.7387, -84.0127)
[443/1349] Geocoding: Dore's Stores - Omer, Omer, MI... ✓ (44.0391, -83.8750)
[444/1349] Geocoding: Dore's Stores - Standish, Standish, MI... ✓ (43.9827, -84.0206)
[445/1349] Geocoding: Dore's Stores - Tawas City, Tawas City, MI... ✓ (44.2454, -83.5462)
[446/1349] Geocoding: Dore's Stores - Whittemore, Whittemore, MI... ✗ (not found)
[447/1349] Geocoding: Dore Oil-Nester Creek #17, Prescott, MI... ✗ (not found)
[448/1349] Geocoding: Double D Dairy Bar (KEY #112), Melrose, OH... ✓ (41.0913, -84.4190)
[449/1349] Geocoding: Double Dip Depot (KEY #20 ), Grand Rapids, MI... ✗ (not found)
[450/1349] Geocoding: Double JJ Back 40, Rothbury, MI... ✓ (43.5150, -86.3559)
[451/1349] Geocoding: Double JJ Resort I/C, Rothbury, MI... ✗ (not found)
[452/1349] Geocoding: Downtown Candy Store, LLC, Warsaw, IN... ✓ (41.2372, -85.8569)
[453/1349] Geocoding: Dreyer's Farm Market, Hudsonville, MI... ✓ (42.8876, -85.8595)
[454/1349] Geocoding: Duck Creek RV Resort, Muskegon, MI... ✓ (43.3381, -86.2697)
[455/1349] Geocoding: Duck Lake General Store, Albion, MI... ✓ (42.3741, -84.7889)
[456/1349] Geocoding: Dumont Lake Party Store, Allegan, MI... ✓ (42.6024, -85.8440)
[457/1349] Geocoding: Dune Grass Concessions, Ludington, MI... ✗ (not found)
[458/1349] Geocoding: Dunes View Kwik Shop, Saugatuck, MI... ✓ (42.6812, -86.1735)
[459/1349] Geocoding: Dussel's Farm Market, Cassopolis, MI... ✓ (41.9114, -85.9881)
[460/1349] Geocoding: East Lansing Tasty Twist, East Lansing, MI... ✓ (42.7314, -84.4678)
[461/1349] Geocoding: Eastside Lansing Food Co-op, Lansing, MI... ✓ (42.7301, -84.5269)
[462/1349] Geocoding: Ebaugh's Whistle Stop, Lake, MI... ✓ (43.8503, -85.0052)
[463/1349] Geocoding: Economy Service, Osseo, MI... ✓ (41.8852, -84.5593)
[464/1349] Geocoding: Edru Soft Serve, Holt, MI... ✗ (not found)
[465/1349] Geocoding: Eiffel Waffle Creamery, East Lansing, MI... ✓ (42.7335, -84.4765)
[466/1349] Geocoding: El Supermercado, Hartford, MI... ✓ (42.2075, -86.1576)
[467/1349] Geocoding: Elsie's Ice Cream LLC (KEY #60, Fremont, MI... ✓ (43.4661, -85.9448)
[468/1349] Geocoding: Elsie Market, Elsie, MI... ✓ (43.0888, -84.3869)
[469/1349] Geocoding: Emmett KOA, Emmett, MI... ✓ (43.0080, -82.8478)
[470/1349] Geocoding: Espresso Milano, Midland, MI... ✓ (43.6135, -84.2453)
[471/1349] Geocoding: Ethan's Donut Factory, Hillsdale, MI... ✓ (41.9224, -84.6319)
[472/1349] Geocoding: Eva's Dairy Cafe Inc., Lake Orion, MI... ✗ (not found)
[473/1349] Geocoding: Evart Dairy Whip, Evart, MI... ✓ (43.9006, -85.2581)
[474/1349] Geocoding: Exit 76-76th & 131 Dairy, Byron Center, MI... ✓ (42.8257, -85.6749)
[475/1349] Geocoding: Exit 76-8th Ave, Grandville, MI... ✓ (42.8495, -85.8029)
[476/1349] Geocoding: Exit 76-Boyne City Marathon, Boyne City, MI... ✓ (45.2125, -85.0145)
[477/1349] Geocoding: Exit 76-Bronco Marathon, Gaylord, MI... ✓ (45.0280, -84.7025)
[478/1349] Geocoding: Exit 76-Byron Corner Mara *D, Byron Center, MI... ✗ (not found)
[479/1349] Geocoding: Exit 76-Cadillac, Cadillac, MI... ✓ (44.2525, -85.3850)
[480/1349] Geocoding: Exit 76-Carriage Marathon, East Lansing, MI... ✓ (42.7557, -84.4630)
[481/1349] Geocoding: Exit 76-Cedar Rock I/C, Rockford, MI... ✓ (43.1240, -85.5509)
[482/1349] Geocoding: Exit 76-Chalet Marathon, Gaylord, MI... ✓ (45.0272, -84.6920)
[483/1349] Geocoding: Exit 76-Clare Marathon, Clare, MI... ✓ (43.8410, -84.7674)
[484/1349] Geocoding: Exit 76-Clyde Park, Wyoming, MI... ✓ (42.8839, -85.6836)
[485/1349] Geocoding: Exit 76-Coopersville, Coopersville, MI... ✓ (43.0530, -85.9068)
[486/1349] Geocoding: Exit 76-Cottonwood, Jenison, MI... ✓ (42.9207, -85.8117)
[487/1349] Geocoding: Exit 76-Dorr Truck Stop, Dorr, MI... ✓ (42.7249, -85.6743)
[488/1349] Geocoding: Exit 76-East Lansing, East Lansing, MI... ✓ (42.7206, -84.4936)
[489/1349] Geocoding: Exit 76-Gaylord Marathon, Gaylord, MI... ✓ (45.0212, -84.6772)
[490/1349] Geocoding: Exit 76-Georgetown #149, Jenison, MI... ✓ (42.8881, -85.8385)
[491/1349] Geocoding: Exit 76-Gezon, Grand Rapids, MI... ✗ (not found)
[492/1349] Geocoding: Exit 76-Grayling Marathon, Grayling, MI... ✓ (44.6632, -84.7175)
[493/1349] Geocoding: Exit 76-Hamilton Mobil Mart, Hamilton, MI... ✓ (42.6823, -86.0115)
[494/1349] Geocoding: Exit 76-Hilltop Marathon, Waters, MI... ✓ (44.8786, -84.6858)
[495/1349] Geocoding: Exit 76-Howard City Mobil, Howard City, MI... ✓ (43.3952, -85.4763)
[496/1349] Geocoding: Exit 76-Jenison Mobil, Jenison, MI... ✓ (42.9073, -85.8316)
[497/1349] Geocoding: Exit 76-Kalkaska Marathon, Kalkaska, MI... ✓ (44.7371, -85.1748)
[498/1349] Geocoding: Exit 76-Laingsburg, Laingsburg, MI... ✓ (42.8908, -84.3535)
[499/1349] Geocoding: Exit 76-Lake Belle Vista Mobil, Rockford, MI... ✓ (43.0868, -85.5077)
[500/1349] Geocoding: Exit 76-Lewiston Marathon, Lewiston, MI... ✗ (not found)
[501/1349] Geocoding: Exit 76-Lowell, Lowell, MI... ✗ (not found)
[502/1349] Geocoding: Exit 76-Lowell I/C, Lowell, MI... ✓ (42.8839, -85.3717)
[503/1349] Geocoding: Exit 76-M 46 Truck Stop, Howard City, MI... ✗ (not found)
[504/1349] Geocoding: Exit 76-Mall View #150, Byron Center, MI... ✓ (42.8123, -85.6703)
[505/1349] Geocoding: Exit 76-Martin Marathon, Martin, MI... ✓ (42.5365, -85.6615)
[506/1349] Geocoding: Exit 76-Northern Springs, Rockford, MI... ✓ (43.1171, -85.5896)
[507/1349] Geocoding: Exit 76-Oasis Mobil, Holland, MI... ✓ (42.7839, -86.0202)
[508/1349] Geocoding: Exit 76-Olive Township, Holland, MI... ✗ (not found)
[509/1349] Geocoding: Exit 76-Park Township, Holland, MI... ✓ (42.7934, -86.1567)
[510/1349] Geocoding: Exit 76-Petoskey Marathon, Petoskey, MI... ✓ (45.3738, -84.9661)
[511/1349] Geocoding: Exit 76-Pierson, Pierson, MI... ✓ (43.3377, -85.5207)
[512/1349] Geocoding: Exit 76-Pit Stop, Wyoming, MI... ✓ (42.9317, -85.7221)
[513/1349] Geocoding: Exit 76-Plainfield Mart, Grand Rapids, MI... ✓ (43.0027, -85.6542)
[514/1349] Geocoding: Exit 76-Remembrance Quick, Grand Rapids, MI... ✗ (not found)
[515/1349] Geocoding: Exit 76-Rockford Mobil Mart, Rockford, MI... ✗ (not found)
[516/1349] Geocoding: Exit 76-South End Marathon, Gaylord, MI... ✗ (not found)
[517/1349] Geocoding: Exit 76-South Express #151, Byron Center, MI... ✓ (42.7833, -85.6663)
[518/1349] Geocoding: Exit 76-Stanton Mobil, Stanton, MI... ✓ (43.2922, -85.0849)
[519/1349] Geocoding: Exit 76-Stony Hill Marathon, Gaylord, MI... ✓ (45.0274, -84.6732)
[520/1349] Geocoding: Exit 76-Sunnybrook, Grandville, MI... ✓ (42.8859, -85.7817)
[521/1349] Geocoding: Exit 76-Tulip City Truck, Holland, MI... ✓ (42.7378, -86.0660)
[522/1349] Geocoding: Exit 76-Twin Lake#144, Twin Lake, MI... ✓ (43.3552, -86.1672)
[523/1349] Geocoding: Exit 76-Walker Quik Mart, Grand Rapids, MI... ✓ (42.9827, -85.6988)
[524/1349] Geocoding: Exit 76-Walker View Dairy, Grand Rapids, MI... ✓ (42.9895, -85.7118)
[525/1349] Geocoding: Exit 76-Westshore Milk, Holland, MI... ✓ (42.8270, -86.0924)
[526/1349] Geocoding: Exit 76-Westside Mobil, Zeeland, MI... ✗ (not found)
[527/1349] Geocoding: Exit 76-Wilson, Wyoming, MI... ✓ (42.8544, -85.7623)
[528/1349] Geocoding: Exit 76-Windmill Mobil, Holland, MI... ✓ (42.7570, -86.0977)
[529/1349] Geocoding: Exit 76 # 182 Westphalia, Westphalia, MI... ✓ (42.9267, -84.7987)
[530/1349] Geocoding: Exit 76 #146 The Lakes Exxon, Muskegon, MI... ✓ (43.1543, -86.2175)
[531/1349] Geocoding: Exit 76 #166 Apple Island, Muskegon, MI... ✓ (43.2349, -86.0664)
[532/1349] Geocoding: Exit 76 #181 Grand Ledge, Grand Ledge, MI... ✓ (42.7974, -84.7387)
[533/1349] Geocoding: Exit 76 Allendale Quick, Allendale, MI... ✓ (42.9728, -85.9396)
[534/1349] Geocoding: Exit 76 Alpine, Grand Rapids, MI... ✓ (42.9960, -85.6882)
[535/1349] Geocoding: Exit 76 Burton Mobil #142, Grand Rapids, MI... ✓ (42.9280, -85.6752)
[536/1349] Geocoding: Exit 76 Ctryside*D Mobil, Hudsonville, MI... ✓ (42.8848, -85.9024)
[537/1349] Geocoding: Exit 76 Fallasburg Mobil, Lowell, MI... ✓ (42.9580, -85.3540)
[538/1349] Geocoding: Exit 76 Kountry Korner, Mt Pleasant, MI... ✓ (43.5969, -84.9070)
[539/1349] Geocoding: Exit 76 Meadowbrook Mobil, Grand Rapids, MI... ✓ (42.8592, -85.5449)
[540/1349] Geocoding: Exit 76 Middleville, Middleville, MI... ✓ (42.7183, -85.4719)
[541/1349] Geocoding: Exit 76 Noonday Market, Wayland, MI... ✓ (42.6305, -85.6527)
[542/1349] Geocoding: Exit 76 Otsego #162, Otsego, MI... ✓ (42.4595, -85.7193)
[543/1349] Geocoding: Exit 76 Owosso #156, Owosso, MI... ✓ (42.9977, -84.1589)
[544/1349] Geocoding: Exit 76 Post Drive, Belmont, MI... ✓ (43.0877, -85.6288)
[545/1349] Geocoding: Exit 76 Shaver Rd #164, Portage, MI... ✓ (42.1735, -85.6133)
[546/1349] Geocoding: Exit 76 Valley VW *D Mobil, Hudsonville, MI... ✓ (42.8447, -85.8607)
[547/1349] Geocoding: Exit 76 West Main  #157, Kalamazoo, MI... ✓ (42.2951, -85.7207)
[548/1349] Geocoding: Exit 76 York Creek, Comstock Park, MI... ✓ (43.0409, -85.6890)
[549/1349] Geocoding: Exit76-Cedar Rock, Rockford, MI... ✓ (43.1289, -85.5508)
[550/1349] Geocoding: Express Mart - Ludington, Ludington, MI... ✓ (43.9560, -86.4188)
[551/1349] Geocoding: Express Stop #4636, Jackson, MI... ✓ (42.2680, -84.4245)
[552/1349] Geocoding: Express Stop #4638, Birch Run, MI... ✓ (43.2495, -83.7778)
[553/1349] Geocoding: Express Stop #4639, Bay City, MI... ✓ (43.5907, -83.8662)
[554/1349] Geocoding: Express Stop #4641, Merrill, MI... ✓ (43.4098, -84.3305)
[555/1349] Geocoding: Express Stop #4642, Saginaw, MI... ✓ (43.4154, -84.0525)
[556/1349] Geocoding: Express Stop #4644, Pinconning, MI... ✓ (43.8534, -84.0248)
[557/1349] Geocoding: Express Stop #4646, Midland, MI... ✓ (43.6104, -84.3945)
[558/1349] Geocoding: Express Stop #4647, Saginaw, MI... ✓ (43.5249, -84.1204)
[559/1349] Geocoding: Express Stop #4648, Saginaw, MI... ✓ (43.4372, -84.0044)
[560/1349] Geocoding: Express Stop #4659, Manchester, MI... ✓ (42.1908, -84.0328)
[561/1349] Geocoding: Express Stop #4661, Hanover, MI... ✓ (42.1017, -84.5520)
[562/1349] Geocoding: Express Stop #4664, North Adams, MI... ✓ (41.9679, -84.5252)
[563/1349] Geocoding: Express Stop #4666, Dexter, MI... ✓ (42.3747, -83.9210)
[564/1349] Geocoding: Express Stop #4668, Stockbridge, MI... ✓ (42.4480, -84.1801)
[565/1349] Geocoding: Express Stop #4671, Cass City, MI... ✓ (43.6013, -83.1729)
[566/1349] Geocoding: Express Stop #4673, Mayville, MI... ✓ (43.3372, -83.3462)
[567/1349] Geocoding: Express Stop #4675, Whitmore Lake, MI... ✓ (42.3788, -83.7551)
[568/1349] Geocoding: Express Stop #4676, Jackson, MI... ✓ (42.2397, -84.4335)
[569/1349] Geocoding: Express Stop #4677, Jackson, MI... ✓ (42.2263, -84.3886)
[570/1349] Geocoding: Express Stop #4678, Battle Creek, MI... ✓ (42.3506, -85.2489)
[571/1349] Geocoding: Express Stop #4679, Battle Creek, MI... ✓ (42.3547, -85.2590)
[572/1349] Geocoding: Express Stop #4682, Battle Creek, MI... ✓ (42.3280, -85.2647)
[573/1349] Geocoding: Express Stop #4683, Schoolcraft, MI... ✓ (42.1176, -85.6375)
[574/1349] Geocoding: Express Stop #4685, Battle Creek, MI... ✓ (42.3165, -85.1877)
[575/1349] Geocoding: Express Stop #4686, Battle Creek, MI... ✓ (42.2611, -85.2190)
[576/1349] Geocoding: Express Stop #4687, Paw Paw, MI... ✗ (not found)
[577/1349] Geocoding: Express Stop #4688, Battle Creek, MI... ✓ (42.3005, -85.1991)
[578/1349] Geocoding: Fabianos Westside Grocery, Portland, MI... ✓ (42.8715, -84.9105)
[579/1349] Geocoding: Fairview Food Mart, Fairview, MI... ✓ (44.7253, -84.0501)
[580/1349] Geocoding: Family Fare CD-123 S Wash, Holland, MI... ✓ (42.7563, -86.1143)
[581/1349] Geocoding: Family Fare CD-137 Allendale, Allendale, MI... ✓ (42.9725, -85.9436)
[582/1349] Geocoding: Family Fare CD-239 Georgetown, Hudsonville, MI... ✗ (not found)
[583/1349] Geocoding: Family Fare CD115 Metro Health, Wyoming, MI... ✓ (42.8604, -85.7201)
[584/1349] Geocoding: Family Time Concessions LLC, Nashville, MI... ✗ (not found)
[585/1349] Geocoding: Farmer In The Dell-Crystal IC, Vestaburg, MI... ✗ (not found)
[586/1349] Geocoding: Fastlane-  Litchfield #169, Litchfield, MI... ✓ (42.0453, -84.7601)
[587/1349] Geocoding: Fastlane - Akron #170, Akron, MI... ✓ (43.6087, -83.6033)
[588/1349] Geocoding: Fastlane - Brighton #15, Brighton, MI... ✓ (42.5340, -83.7824)
[589/1349] Geocoding: Fastlane - Brooklyn #18, Brooklyn, MI... ✗ (not found)
[590/1349] Geocoding: Fastlane - Chesaning #111, Chesaning, MI... ✓ (43.1576, -84.1686)
[591/1349] Geocoding: Fastlane - Jackson #173, Jackson, MI... ✓ (42.3222, -84.4629)
[592/1349] Geocoding: Fastlane - Mason #144, Mason, MI... ✓ (42.5819, -84.4522)
[593/1349] Geocoding: Fastlane - Mt. Morris #134, Mt Morris, MI... ✓ (43.1204, -83.6754)
[594/1349] Geocoding: Fastlane - Parma, Parma, MI... ✓ (42.2677, -84.5401)
[595/1349] Geocoding: Fastlane - Saginaw #102, Saginaw, MI... ✓ (43.4460, -83.9760)
[596/1349] Geocoding: Fastlane - Saginaw #113, Saginaw, MI... ✓ (43.4370, -83.9917)
[597/1349] Geocoding: Fastlane #174, Fowler, MI... ✓ (43.0016, -84.7393)
[598/1349] Geocoding: Fatbelly Deli/Creamer (KEY #55, Stanwood, MI... ✓ (43.5834, -85.4981)
[599/1349] Geocoding: Fate's Mecosta Mini Mart, Mecosta, MI... ✓ (43.6200, -85.2259)
[600/1349] Geocoding: Fate's Mini Mart, Remus, MI... ✓ (43.5965, -85.1521)
[601/1349] Geocoding: Fick's Market Sunoco, Lapeer, MI... ✓ (43.0974, -83.4429)
[602/1349] Geocoding: Fireside Coffee Co., Swartz Creek, MI... ✓ (42.9797, -83.8108)
[603/1349] Geocoding: Lane View Farm, Somerset Center, MI... ✓ (42.0590, -84.4060)
[604/1349] Geocoding: Fleck's Fresh Mart #180, Standish, MI... ✓ (43.9780, -83.9597)
[605/1349] Geocoding: Fleck's Fresh Mart #36, Standish, MI... ✓ (43.9878, -83.9602)
[606/1349] Geocoding: Flem Marathon Bloomingdale, Bloomingdale, MI... ✓ (42.3829, -85.9625)
[607/1349] Geocoding: Flem Marathon S Haven, South Haven, MI... ✓ (42.4031, -86.2598)
[608/1349] Geocoding: Flem Marathon Stevens, Stevensville, MI... ✓ (42.0431, -86.5144)
[609/1349] Geocoding: Flem Shell Allegan, Allegan, MI... ✓ (42.5294, -85.8492)
[610/1349] Geocoding: Flem Shell Bangor, Bangor, MI... ✓ (42.3103, -86.1039)
[611/1349] Geocoding: Flem Shell Coloma, Coloma, MI... ✓ (42.1833, -86.3052)
[612/1349] Geocoding: Flem Shell Fennville, Fennville, MI... ✓ (42.5944, -86.1061)
[613/1349] Geocoding: Flem Shell Fennville, Fennville, MI... ✗ (not found)
[614/1349] Geocoding: Flem Shell Gobles, Gobles, MI... ✓ (42.3612, -85.8793)
[615/1349] Geocoding: Flem Shell Hartford, Hartford, MI... ✗ (not found)
[616/1349] Geocoding: Flem Shell Mattawan, Mattawan, MI... ✓ (42.2217, -85.7861)
[617/1349] Geocoding: Flem Shell Milburg, Benton Harbor, MI... ✓ (42.1228, -86.3419)
[618/1349] Geocoding: Flem Shell Riv Coloma, Coloma, MI... ✓ (42.1859, -86.3747)
[619/1349] Geocoding: Flem Shell S Haven, South Haven, MI... ✓ (42.4040, -86.2489)
[620/1349] Geocoding: Flem Shell Saugatuck, Saugatuck, MI... ✓ (42.6807, -86.1723)
[621/1349] Geocoding: Flem Shell South Haven, South Haven, MI... ✓ (42.3999, -86.2706)
[622/1349] Geocoding: Flem Shell St Joe, St Joseph, MI... ✓ (42.0802, -86.4956)
[623/1349] Geocoding: Flem Shell St Joe, St Joseph, MI... ✓ (42.0708, -86.4750)
[624/1349] Geocoding: Flem Shell Tr St S Haven, South Haven, MI... ✓ (42.3678, -86.2679)
[625/1349] Geocoding: Flushing Farms, Flushing, MI... ✗ (not found)
[626/1349] Geocoding: Food Bank Council/ MI Kentwood, Lansing, MI... ✗ (not found)
[627/1349] Geocoding: Forest Hills Dairy, Grand Rapids, MI... ✓ (42.9458, -85.5540)
[628/1349] Geocoding: Fountain Market, Fountain, MI... ✓ (44.0449, -86.1811)
[629/1349] Geocoding: Fox Lake General Store, Twin Lake, MI... ✗ (not found)
[630/1349] Geocoding: Frank's Market, Grand Haven, MI... ✗ (not found)
[631/1349] Geocoding: Frankenmuth Jellystone Park, Frankenmuth, MI... ✓ (43.3170, -83.7347)
[632/1349] Geocoding: Frankfort Milky Way Inc., Frankfort, IN... ✓ (40.2849, -86.5009)
[633/1349] Geocoding: Freakin' Pickles LLC, AuGres, MI... ✗ (not found)
[634/1349] Geocoding: Freel's Market, Tawas, MI... ✓ (44.2537, -83.5361)
[635/1349] Geocoding: Freskia Ice Cream-Sterling Hgt, Sterling Heights, MI... ✓ (42.6161, -82.9928)
[636/1349] Geocoding: Froelich Inc, Three Oaks, MI... ✓ (41.8013, -86.6105)
[637/1349] Geocoding: Frosty's - Chesaning, Chesaning, MI... ✓ (43.1867, -84.1287)
[638/1349] Geocoding: Frosty's Ice Creamery Inc, Pinckney, MI... ✓ (42.4665, -83.8776)
[639/1349] Geocoding: Frosty Boy Cascade, Grand Rapids, MI... ✓ (42.9125, -85.4987)
[640/1349] Geocoding: Frosty Boy GR (KEY #78 ), Grand Rapids, MI... ✓ (42.9952, -85.6600)
[641/1349] Geocoding: Frosty Boy Kalamazoo (KEY #35, Kalamazoo, MI... ✓ (42.3194, -85.5303)
[642/1349] Geocoding: Frosty Boy of Jackson, LLC, Jackson, MI... ✓ (42.2712, -84.4038)
[643/1349] Geocoding: Frosty Boy of Lowell, Lowell, MI... ✓ (42.9353, -85.3341)
[644/1349] Geocoding: Frosty Boy of Vandercook Lake, Jackson, MI... ✓ (42.1975, -84.3734)
[645/1349] Geocoding: Frosty Cone, St Louis, MI... ✓ (43.4110, -84.6089)
[646/1349] Geocoding: Frosty Cove, Muskegon, MI... ✓ (43.2142, -86.3061)
[647/1349] Geocoding: Frosty Delights LLC, Houghton Lake, MI... ✓ (44.2988, -84.6960)
[648/1349] Geocoding: Frosty Oasis, Muskegon, MI... ✓ (43.2057, -86.2976)
[649/1349] Geocoding: Frosty Queen II, New Haven, MI... ✗ (not found)
[650/1349] Geocoding: Frozen Spoons, Hastings, MI... ✓ (42.6512, -85.2906)
[651/1349] Geocoding: Frye's Gas & Grocery LLC, McBain, MI... ✓ (44.1902, -85.2138)
[652/1349] Geocoding: Furniture City Creamery, Grand Rapids, MI... ✓ (42.9888, -85.6595)
[653/1349] Geocoding: Gene's Family Market - Grant, Grant, MI... ✓ (43.3366, -85.8101)
[654/1349] Geocoding: Gene's Family Market - Newago, Newaygo, MI... ✗ (not found)
[655/1349] Geocoding: Genes Quick Stop, Lansing, MI... ✓ (42.7649, -84.5559)
[656/1349] Geocoding: Ghezzies Market, Muskegon, MI... ✓ (43.2152, -86.2932)
[657/1349] Geocoding: Gilbert's Shell, Colon, MI... ✓ (41.9572, -85.3264)
[658/1349] Geocoding: Grant Liquor LLC, Grant, MI... ✓ (43.3247, -85.8108)
[659/1349] Geocoding: GK Market, Muskegon, MI... ✓ (43.2266, -86.2245)
[660/1349] Geocoding: Good Time Donut, Holland, MI... ✓ (42.7876, -86.1091)
[661/1349] Geocoding: Gordonville Company Inc., Midland, MI... ✓ (43.5671, -84.3695)
[662/1349] Geocoding: Grace Adventure Dunes Harbor, Mears, MI... ✗ (not found)
[663/1349] Geocoding: Grace Adventures, Mears, MI... ✗ (not found)
[664/1349] Geocoding: Great Giant Supermarket, Grand Rapids, MI... ✓ (42.9404, -85.6588)
[665/1349] Geocoding: Great Lakes Ice Cream Co.,Inc, Midland, MI... ✓ (43.6263, -84.2272)
[666/1349] Geocoding: Green Isaac's Coffee & Tea, Pentwater, MI... ✓ (43.7796, -86.4329)
[667/1349] Geocoding: Green Vale Farms, Marne, MI... ✗ (not found)
[668/1349] Geocoding: Greenfield Party Shoppe, Southfield, MI... ✓ (42.4586, -83.2020)
[669/1349] Geocoding: Grombir Transport Inc, New Lothrop, MI... ✗ (not found)
[670/1349] Geocoding: Grunst Brothers, Big Rapids, MI... ✓ (43.7057, -85.4838)
[671/1349] Geocoding: Gruppen Farms, Zeeland, MI... ✓ (42.8924, -86.0213)
[672/1349] Geocoding: Gulf Gas, Detroit, MI... ✓ (42.4466, -83.1234)
[673/1349] Geocoding: H & L Dairy Mart, Indian River, MI... ✓ (45.4121, -84.6122)
[674/1349] Geocoding: Halaula Hawaiian Ice Shack, Grand Haven, MI... ✓ (43.0595, -86.2424)
[675/1349] Geocoding: Halo Burger #28 Clinton Twp, Clinton Twp, MI... ✓ (42.6022, -82.9524)
[676/1349] Geocoding: Halo Burger #29 Walled Lake, Walled Lake, MI... ✓ (42.5386, -83.4773)
[677/1349] Geocoding: Halo Burger Birch Run, Birch Run, MI... ✓ (43.2501, -83.7721)
[678/1349] Geocoding: Halo Burger Burton, Burton, MI... ✓ (43.0236, -83.5948)
[679/1349] Geocoding: Halo Burger Fenton, Fenton, MI... ✓ (42.8139, -83.7076)
[680/1349] Geocoding: Halo Burger Flint, Flint, MI... ✓ (43.0093, -83.7729)
[681/1349] Geocoding: Halo Burger Grand Blanc, Grand Blanc, MI... ✗ (not found)
[682/1349] Geocoding: Hamel's Farm Market & Nursery, Stanton, MI... ✗ (not found)
[683/1349] Geocoding: Han-D-Dip Dairy Barn, Livonia, MI... ✗ (not found)
[684/1349] Geocoding: Hansen's, Hart, MI... ✓ (43.6889, -86.3697)
[685/1349] Geocoding: Hansens Quick St IC 16, Saint Johns, MI... ✓ (43.0012, -84.5684)
[686/1349] Geocoding: Hansens Quick Stop - 15, Ovid, MI... ✗ (not found)
[687/1349] Geocoding: Hanson's Party Store, Inc., Barryton, MI... ✓ (43.7498, -85.1477)
[688/1349] Geocoding: Harbor Cove RV Resort, LLC, Coldwater, MI... ✗ (not found)
[689/1349] Geocoding: Harbor Ice Cream, Harbor Springs, MI... ✓ (45.4295, -84.9892)
[690/1349] Geocoding: Hareloom Cafe, Stevensville, MI... ✓ (42.0133, -86.5196)
[691/1349] Geocoding: Hartzell's Ice Cream, Bloomington, IN... ✓ (39.1669, -86.5283)
[692/1349] Geocoding: Hazen's Farm, Howell, MI... ✓ (42.5881, -83.9528)
[693/1349] Geocoding: Heart Of Michigan, LLC, Howell, MI... ✓ (42.6077, -83.9308)
[694/1349] Geocoding: Heidi's Market, Davison, MI... ✓ (43.0924, -83.5178)
[695/1349] Geocoding: Herald's Dairy Delight, Carson City, MI... ✓ (43.1769, -84.8449)
[696/1349] Geocoding: Heritage Farms Mkt, LLC, Fremont, MI... ✗ (not found)
[697/1349] Geocoding: Hernandez Family, Sawyer, MI... ✓ (41.9026, -86.5980)
[698/1349] Geocoding: Hersey Party Store, Hersey, MI... ✓ (43.8567, -85.4437)
[699/1349] Geocoding: Hesperia Sunoco, Hesperia, MI... ✗ (not found)
[700/1349] Geocoding: Hideaway Campground, Mears, MI... ✗ (not found)
[701/1349] Geocoding: Higgins General Store, Alden, MI... ✓ (44.8811, -85.2753)
[702/1349] Geocoding: Hill and Hollow Campground, Pentwater, MI... ✗ (not found)
[703/1349] Geocoding: Hill Top Food & Fuel Mobil, Dorr, MI... ✓ (42.7248, -85.7035)
[704/1349] Geocoding: Hilltop Party Store, Hartland, MI... ✗ (not found)
[705/1349] Geocoding: Hilltop Soda Shoppe, Benzonia, MI... ✓ (44.6104, -86.0985)
[706/1349] Geocoding: Holland Captain Sundae (KEY #1, Holland, MI... ✓ (42.7978, -86.1243)
[707/1349] Geocoding: Holly Campground, Holly, MI... ✓ (42.8141, -83.5647)
[708/1349] Geocoding: Holton Stop 'n' Shop, Holton, MI... ✓ (43.4110, -86.0795)
[709/1349] Geocoding: Home Town General Store, Eureka, MI... ✓ (43.1030, -84.5135)
[710/1349] Geocoding: Hometown Creamery, Muskegon, MI... ✗ (not found)
[711/1349] Geocoding: Hometown Ice Cream & Candy, Flat Rock, MI... ✓ (42.1099, -83.2849)
[712/1349] Geocoding: Horrock's, Kentwood, MI... ✗ (not found)
[713/1349] Geocoding: Horton Bay General Store, Boyne City, MI... ✓ (45.2290, -85.0334)
[714/1349] Geocoding: Housemans Ice Cream (KEY #43), Byron Center, MI... ✓ (42.8123, -85.7265)
[715/1349] Geocoding: Hubbard Lake General Store, Hubbard Lake, MI... ✗ (not found)
[716/1349] Geocoding: Hubbardston Market, Hubbardston, MI... ✓ (43.0927, -84.8420)
[717/1349] Geocoding: Hudson Gas & Food - Madison, Grand Rapids, MI... ✓ (42.9132, -85.6573)
[718/1349] Geocoding: Hudsonville Gas & Food Dairy, Hudsonville, MI... ✓ (42.8521, -85.8605)
[719/1349] Geocoding: Huggy Bears General Store, Mt Pleasant, MI... ✓ (43.6115, -84.6475)
[720/1349] Geocoding: Ice Cream Garage-Linden, Linden, MI... ✓ (42.8145, -83.7827)
[721/1349] Geocoding: Ice Cream Garage, Inc.(KEY #19, Walker, MI... ✓ (42.9721, -85.7668)
[722/1349] Geocoding: Ice Cream Lane, Rogers City, MI... ✓ (45.4232, -83.8201)
[723/1349] Geocoding: Ice Creams La Michoacana, Crawfordsville, IN... ✓ (40.0341, -86.9041)
[724/1349] Geocoding: Idle Spur Market, Lum, MI... ✓ (43.0990, -83.1656)
[725/1349] Geocoding: IDS Chhina Inc., Stanton, MI... ✓ (43.2928, -85.0825)
[726/1349] Geocoding: Ike's Crystal Ice Cream, Crystal, MI... ✓ (43.2631, -84.9154)
[727/1349] Geocoding: Independent Dairy - Monroe, Monroe, MI... ✓ (41.9310, -83.4106)
[728/1349] Geocoding: Insomnia Cookies 11 LLC, Ann Arbor, MI... ✓ (42.2751, -83.7336)
[729/1349] Geocoding: Insomnia Cookies 15  LLC, Indianapolis, IN... ✓ (39.8696, -86.1445)
[730/1349] Geocoding: Insomnia Cookies 151  LLC, Allendale, MI... ✗ (not found)
[731/1349] Geocoding: Insomnia Cookies 198 LLC, Grand Rapids, MI... ✓ (42.9619, -85.6700)
[732/1349] Geocoding: Insomnia Cookies 229 LLC, Fort Wayne, IN... ✓ (41.0784, -85.1395)
[733/1349] Geocoding: Insomnia Cookies 247  LLC, Detroit, MI... ✓ (42.3563, -83.0720)
[734/1349] Geocoding: Insomnia Cookies 262  LLC, Indianapolis, IN... ✓ (39.7799, -86.1725)
[735/1349] Geocoding: Insomnia Cookies 27  LLC, Kalamazoo, MI... ✓ (42.2774, -85.6172)
[736/1349] Geocoding: Insomnia Cookies 278  LLC, Rochester Hills, MI... ✓ (42.6825, -83.1507)
[737/1349] Geocoding: Insomnia Cookies 30 LLC, Ypsilanti, MI... ✓ (42.2456, -83.6231)
[738/1349] Geocoding: Insomnia Cookies 39  LLC, Mt Pleasant, MI... ✓ (43.5866, -84.7683)
[739/1349] Geocoding: Insomnia Cookies 6  LLC, East Lansing, MI... ✓ (42.7335, -84.4762)
[740/1349] Geocoding: Insomnia Cookies 8 LLC, West Lafayette, IN... ✓ (40.4315, -86.9130)
[741/1349] Geocoding: Iorio's - Manchester, Manchester, MI... ✓ (42.1470, -84.0440)
[742/1349] Geocoding: Iorio's Horrocks - Lansing, Lansing, MI... ✓ (42.7421, -84.6615)
[743/1349] Geocoding: J's Korner Store, Bay City, MI... ✗ (not found)
[744/1349] Geocoding: Jaami's Ice Cream & Treats, Frankenmuth, MI... ✗ (not found)
[745/1349] Geocoding: Jacks Corner Store, Twin Lake, MI... ✓ (43.3685, -86.1536)
[746/1349] Geocoding: Jacks Corner Store Dairy, Muskegon, MI... ✓ (43.1767, -86.2200)
[747/1349] Geocoding: Jacksonville Party Store, West Branch, MI... ✓ (44.2764, -84.2486)
[748/1349] Geocoding: Japars Junction, Deckerville, MI... ✓ (43.5305, -82.5829)
[749/1349] Geocoding: Jawor Brothers Blueberries, Ravenna, MI... ✓ (43.1909, -86.0566)
[750/1349] Geocoding: JB's Country Store LLC, Six Lakes, MI... ✓ (43.3772, -85.1842)
[751/1349] Geocoding: Jellystone Park - Silver Lake, Mears, MI... ✗ (not found)
[752/1349] Geocoding: Joe's Market, Palo, MI... ✗ (not found)
[753/1349] Geocoding: John's Market (Mega Corp), Twin Lake, MI... ✓ (43.3645, -86.1645)
[754/1349] Geocoding: Joni's Cones, Muskegon, MI... ✓ (43.2347, -86.1151)
[755/1349] Geocoding: Jose Lake Resort LLC, South Branch, MI... ✓ (44.4840, -83.8241)
[756/1349] Geocoding: Juliet Chocolate Factory-Cante, Lake Orion, MI... ✗ (not found)
[757/1349] Geocoding: K-D Quick Stop Inc, Harrison, MI... ✓ (43.9912, -84.7804)
[758/1349] Geocoding: K & S Vending Services, Mattawan, MI... ✗ (not found)
[759/1349] Geocoding: K.C.'s Party Store, Evart, MI... ✓ (43.9003, -85.2624)
[760/1349] Geocoding: K.G. Market, Inc, Bridgman, MI... ✓ (41.9280, -86.5723)
[761/1349] Geocoding: Kamphuis Blueberries LTD, Holland, MI... ✗ (not found)
[762/1349] Geocoding: Kat Enterprises Inc., Schoolcraft, MI... ✓ (42.1141, -85.6369)
[763/1349] Geocoding: Kate's Sweet Shop & Mini Golf, Interlochen, MI... ✓ (44.6438, -85.7675)
[764/1349] Geocoding: KB'S Grill & Chill, LLC, Cass City, MI... ✓ (43.6009, -83.1709)
[765/1349] Geocoding: Kelloggs Bridge Grocery, Grayling, MI... ✓ (44.7167, -84.4240)
[766/1349] Geocoding: Kelly's Ice Cream, ,LLC, Wabash, IN... ✓ (40.8034, -85.8327)
[767/1349] Geocoding: Kelly's Party Store, Au Gres, MI... ✓ (44.1006, -83.5753)
[768/1349] Geocoding: Kemps Mart, Marshall, MI... ✓ (42.2719, -84.9711)
[769/1349] Geocoding: Kettlewells, Traverse City, MI... ✓ (44.7641, -85.5885)
[770/1349] Geocoding: Kibby Creek Campground, Ludington, MI... ✓ (43.8581, -86.4013)
[771/1349] Geocoding: King Kone, Perry, MI... ✓ (42.8189, -84.2189)
[772/1349] Geocoding: Kingma's Market Dairy, Grand Rapids, MI... ✓ (43.0039, -85.6532)
[773/1349] Geocoding: KOA Campground Kimball, Kimball, MI... ✓ (42.9818, -82.5291)
[774/1349] Geocoding: Konevals Kones, St Johns, MI... ✓ (43.0009, -84.5585)
[775/1349] Geocoding: Kwik Mart, Walkerville, MI... ✗ (not found)
[776/1349] Geocoding: L.H. Piggott & Girls, Inc, Benton Harbor, MI... ✗ (not found)
[777/1349] Geocoding: La Londes Market, Midland, MI... ✓ (43.6341, -84.2270)
[778/1349] Geocoding: LA Michoacan I.C. & Munchiez, Holland, MI... ✓ (42.8060, -86.1026)
[779/1349] Geocoding: La Poblanita, Fennville, MI... ✓ (42.5943, -86.1068)
[780/1349] Geocoding: La Tapatia, Wyoming, MI... ✓ (42.9355, -85.6865)
[781/1349] Geocoding: Lafayette Creamery Hk (KEY #40, Hopkins, MI... ✓ (42.6240, -85.7665)
[782/1349] Geocoding: Laingsburg Sunoco, Laingsburg, MI... ✓ (42.8883, -84.3650)
[783/1349] Geocoding: Lake Ann Camp, Lake Ann, MI... ✗ (not found)
[784/1349] Geocoding: Lake Breeze Party Store, National City, MI... ✓ (44.3189, -83.6836)
[785/1349] Geocoding: Lake General Store, Lake, MI... ✓ (43.8539, -85.0065)
[786/1349] Geocoding: Lake to Bay Grocery, East Tawas, MI... ✓ (44.2643, -83.4392)
[787/1349] Geocoding: Lakeshore Convenience, Douglas, MI... ✓ (42.6306, -86.2119)
[788/1349] Geocoding: Lakeside Swirl Ope ( KEY #59 ), Fremont, MI... ✓ (43.4571, -85.9615)
[789/1349] Geocoding: Lakeview Expo Inc., Lakeview, MI... ✓ (43.4454, -85.2819)
[790/1349] Geocoding: Lakeville Market, Chesterfield, MI... ✓ (42.6472, -82.8102)
[791/1349] Geocoding: Lakewood Quick stop, Twin Lake, MI... ✗ (not found)
[792/1349] Geocoding: Lapeer County Jail, Lapeer, MI... ✓ (43.0349, -83.3519)
[793/1349] Geocoding: Larkin Food Center, Midland, MI... ✓ (43.7373, -84.2466)
[794/1349] Geocoding: Larry's - Koehlers Outpost, Gladwin, MI... ✓ (44.1306, -84.4869)
[795/1349] Geocoding: Las Mangonadas, Coloma, MI... ✓ (42.1861, -86.3084)
[796/1349] Geocoding: Laurels of Carson City, Carson City, MI... ✗ (not found)
[797/1349] Geocoding: Laurels of Fulton, Perrinton, MI... ✗ (not found)
[798/1349] Geocoding: Laurels of Hudsonville, Hudsonville, MI... ✓ (42.8708, -85.8726)
[799/1349] Geocoding: Lebanon Milky Way, Lebanon, IN... ✓ (40.0414, -86.4595)
[800/1349] Geocoding: Leisure Lake Family Campground, Sumner, MI... ✓ (43.2830, -84.7762)
[801/1349] Geocoding: Leonard & Walker Amoco Milk, Grand Rapids, MI... ✗ (not found)
[802/1349] Geocoding: Leonard Terrace Food Pantry, Grand Rapids, MI... ✓ (42.9845, -85.6369)
[803/1349] Geocoding: Lickety Split ( KEY #62 ), Gobles, MI... ✓ (42.3645, -85.8790)
[804/1349] Geocoding: Liftoff Creamery-Greenwood, Greenwood, IN... ✗ (not found)
[805/1349] Geocoding: Liftoff Creamery - Indy, Indianapolis, IN... ✗ (not found)
[806/1349] Geocoding: Liftoff Creamery & (KEY #110), Indianapolis, IN... ✓ (39.7705, -86.0723)
[807/1349] Geocoding: Lighthouse Village RV Resort, Homer, MI... ✓ (42.0877, -84.8237)
[808/1349] Geocoding: Linwood Party Store, Linwood, MI... ✓ (43.7387, -83.9664)
[809/1349] Geocoding: Little Dipper Cafe (KEY #30 ), Hudsonville, MI... ✗ (not found)
[810/1349] Geocoding: Little KK's, New Era, MI... ✓ (43.5598, -86.3836)
[811/1349] Geocoding: Little Plaza Supermarket, Grand Rapids, MI... ✓ (42.9197, -85.6662)
[812/1349] Geocoding: Little Switzerland Resort, Newaygo, MI... ✓ (43.4540, -85.8087)
[813/1349] Geocoding: Lower Hamlin Grocery, Ludington, MI... ✗ (not found)
[814/1349] Geocoding: Lucky's Downtown I/C, Grand Rapids, MI... ✓ (42.9624, -85.6678)
[815/1349] Geocoding: Luke's Market, Sebewaing, MI... ✓ (43.7223, -83.4460)
[816/1349] Geocoding: Lupitas Postres, Wyoming, MI... ✓ (42.9027, -85.6671)
[817/1349] Geocoding: Luzerne Express Mart, Luzerne, MI... ✓ (44.6156, -84.2730)
[818/1349] Geocoding: Lyon Street Cafe, Grand Rapids, MI... ✓ (42.9674, -85.6539)
[819/1349] Geocoding: M-37 Meat Shack, Bitely, MI... ✓ (43.7828, -85.8494)
[820/1349] Geocoding: M-45 Market Express, Allendale, MI... ✓ (42.9730, -85.9037)
[821/1349] Geocoding: M-46 Gas & Food, Wheeler, MI... ✓ (43.4079, -84.4295)
[822/1349] Geocoding: M-50 Party Store, Inc., Charlotte, MI... ✓ (42.5531, -84.8161)
[823/1349] Geocoding: M-55 Market, Wellston, MI... ✓ (44.2247, -85.9558)
[824/1349] Geocoding: M&A Mobil, Hudsonville, MI... ✓ (42.8625, -85.8743)
[825/1349] Geocoding: Mac's Farm Market, Edmore, MI... ✗ (not found)
[826/1349] Geocoding: MacKersie Brothers, Barryton, MI... ✓ (43.7499, -85.1456)
[827/1349] Geocoding: Magoo & Co.  (Sunoco), Paw Paw, MI... ✓ (42.3022, -85.8795)
[828/1349] Geocoding: Main Street Burgers ( KEY #73, Eau Claire, MI... ✓ (41.9853, -86.3020)
[829/1349] Geocoding: Main Street C Store LLC, Deckerville, MI... ✓ (43.5252, -82.7347)
[830/1349] Geocoding: Main Street Parlor, Leslie, MI... ✓ (42.4535, -84.4325)
[831/1349] Geocoding: Mangat Kwik Stop LLC, Coldwater, MI... ✓ (41.7978, -85.0056)
[832/1349] Geocoding: Mantke's Mini Mart, Dowagiac, MI... ✗ (not found)
[833/1349] Geocoding: Manton Mini Mart, Manton, MI... ✓ (44.4108, -85.4005)
[834/1349] Geocoding: Maple Flow Farm LLC, Ashley, MI... ✓ (43.1863, -84.4751)
[835/1349] Geocoding: Maple Island Marathon, Muskegon, MI... ✓ (43.2379, -86.0676)
[836/1349] Geocoding: Maple Valley Market, Trufant, MI... ✗ (not found)
[837/1349] Geocoding: Marathon-Keeler Super Stop, Hartford, MI... ✓ (42.1143, -86.1667)
[838/1349] Geocoding: Marathon - KJT Burger LLC, Warren, MI... ✓ (42.4770, -83.0657)
[839/1349] Geocoding: Marathon Deo Volente 3 LLC, Port Sanilac, MI... ✗ (not found)
[840/1349] Geocoding: Marathon On Mound, Shelby Township, MI... ✓ (42.6977, -83.0536)
[841/1349] Geocoding: Marge's Donut Den, Inc., Wyoming, MI... ✓ (42.9137, -85.7096)
[842/1349] Geocoding: Martha's Quick Stop #24, Flushing, MI... ✗ (not found)
[843/1349] Geocoding: Martha's Vineyard, Grand Rapids, MI... ✓ (42.9675, -85.6544)
[844/1349] Geocoding: Mary's Kountry Korner, Sterling, MI... ✓ (44.1419, -84.0076)
[845/1349] Geocoding: May May's Cones & Dogs, Dowagiac, MI... ✗ (not found)
[846/1349] Geocoding: Mayberry Ice Cream, Davison, MI... ✓ (43.0350, -83.5036)
[847/1349] Geocoding: Mayfield Ice Cream Parlour, Lapeer, MI... ✓ (43.0976, -83.3082)
[848/1349] Geocoding: Mazz's Endzone Party Store, St Johns, MI... ✓ (43.0032, -84.5581)
[849/1349] Geocoding: McBain Nursing Center LLC, McBain, MI... ✓ (44.1902, -85.2098)
[850/1349] Geocoding: McBride Country Store, McBride, MI... ✓ (43.3537, -85.0444)
[851/1349] Geocoding: McGregor's Country Store, Prescott, MI... ✗ (not found)
[852/1349] Geocoding: McNally's Party Store, McBain, MI... ✓ (44.1926, -85.2104)
[853/1349] Geocoding: Mega Tacos, Wyoming, MI... ✗ (not found)
[854/1349] Geocoding: Meijer 171 Cadillac CD, Cadillac, MI... ✓ (44.2809, -85.5203)
[855/1349] Geocoding: Meijer 180 Gr Haven CD milk, Grand Haven, MI... ✓ (43.0472, -86.2205)
[856/1349] Geocoding: Meijer 19 Muskegon, Muskegon, MI... ✓ (43.1930, -86.2613)
[857/1349] Geocoding: Meijer 193 Ludington CD, Ludington, MI... ✗ (not found)
[858/1349] Geocoding: Meijer 193 Ludington IC, Ludington, MI... ✗ (not found)
[859/1349] Geocoding: Meijer 216 Standale CD, Standale, MI... ✓ (42.9700, -85.7792)
[860/1349] Geocoding: Meijer 217 Holland CD, Holland, MI... ✓ (42.8289, -86.0905)
[861/1349] Geocoding: Meijer 232 Fruitport CD, Muskegon, MI... ✓ (43.1553, -86.2030)
[862/1349] Geocoding: Meijer 236 Acme CD, Williamsburg, MI... ✓ (44.7699, -85.4775)
[863/1349] Geocoding: Meijer 251 Lincoln CD Milk, Stevensville, MI... ✓ (42.0249, -86.5217)
[864/1349] Geocoding: Meijer 271 South Haven CD, South Haven, MI... ✓ (42.4065, -86.2564)
[865/1349] Geocoding: Meijer 310 Fremont CD, Fremont, MI... ✓ (43.4703, -85.9814)
[866/1349] Geocoding: Meijer 33 Traverse City CD, Traverse City, MI... ✗ (not found)
[867/1349] Geocoding: Meijer 41 Benton Harbor CD, Benton Harbor, MI... ✓ (42.0820, -86.4221)
[868/1349] Geocoding: Meijer 47 Holland CD, Holland, MI... ✓ (42.7810, -86.0754)
[869/1349] Geocoding: Meijer 71 N Muskegon CD, North Muskegon, MI... ✓ (43.2833, -86.2203)
[870/1349] Geocoding: Melli's Deli, Grand Haven, MI... ✓ (43.0610, -86.2153)
[871/1349] Geocoding: Melting Moments, Inc, Lansing, MI... ✓ (42.7378, -84.5447)
[872/1349] Geocoding: Mercedeze Rain Chocolates, North Liberty, IN... ✓ (41.5352, -86.4268)
[873/1349] Geocoding: Merindorf Meat - Mason, Mason, MI... ✗ (not found)
[874/1349] Geocoding: Merrill Gas LLC (Marathon), Brant, MI... ✓ (43.2438, -84.3275)
[875/1349] Geocoding: MI Base Camp, Mears, MI... ✓ (43.6683, -86.4764)
[876/1349] Geocoding: Michelle's Cool Dip, Weidman, MI... ✗ (not found)
[877/1349] Geocoding: Michi Michi, Clinton Township, MI... ✓ (42.5544, -82.9117)
[878/1349] Geocoding: Michigan Electro Freeze Inc., Wyoming, MI... ✓ (42.8858, -85.6657)
[879/1349] Geocoding: Michigan Food Market, Flint, MI... ✗ (not found)
[880/1349] Geocoding: Michigan St Univ-Dairy Totes, East Lansing, MI... ✓ (42.7246, -84.4791)
[881/1349] Geocoding: Midway Party Store, White Cloud, MI... ✓ (43.4850, -85.7738)
[882/1349] Geocoding: Mikado Market, Mikado, MI... ✓ (44.5865, -83.4226)
[883/1349] Geocoding: Mike's Country Grocery, Midland, MI... ✓ (43.5686, -84.2901)
[884/1349] Geocoding: Mike And Tina's, Stockbridge, MI... ✗ (not found)
[885/1349] Geocoding: Mikey's Ice Cream, Watervliet, MI... ✓ (42.1798, -86.2594)
[886/1349] Geocoding: Milk and Honey, Traverse City, MI... ✓ (44.7640, -85.6193)
[887/1349] Geocoding: Miller's Orchard, Sterling Heights, MI... ✓ (42.5842, -82.9771)
[888/1349] Geocoding: Millie's Farms LLC, Newaygo, MI... ✗ (not found)
[889/1349] Geocoding: Miners Grove, East Tawas, MI... ✗ (not found)
[890/1349] Geocoding: Mobil-32 Mile, Ray Township, MI... ✓ (42.8047, -82.9632)
[891/1349] Geocoding: Mobil-Featherstone, Pontiac, MI... ✓ (42.6483, -83.2713)
[892/1349] Geocoding: Mobil-Van Dyke, Almont, MI... ✓ (42.9493, -83.0557)
[893/1349] Geocoding: Mobil Mart, Grosse Pointe, MI... ✓ (42.4034, -82.9168)
[894/1349] Geocoding: Momentum Center, Grand Haven, MI... ✓ (43.0631, -86.2284)
[895/1349] Geocoding: Mondays, East Jordan, MI... ✓ (45.1544, -85.1277)
[896/1349] Geocoding: Montague Foods, Montague, MI... ✓ (43.4169, -86.3537)
[897/1349] Geocoding: Moo To You Dairy Services, LLC, Brighton, MI... ✓ (42.5524, -83.7902)
[898/1349] Geocoding: Moomers Homemade Ice Cream, Traverse City, MI... ✓ (44.7448, -85.7209)
[899/1349] Geocoding: Mooney's Ice Cream & Cakes, Saginaw, MI... ✓ (43.4370, -84.0340)
[900/1349] Geocoding: Morley Citgo, Morley, MI... ✓ (43.4883, -85.4446)
[901/1349] Geocoding: Morley Depot I/C Shop, Morley, MI... ✓ (43.4940, -85.4448)
[902/1349] Geocoding: Mr Burger Allendale, Allendale, MI... ✓ (42.9723, -85.9552)
[903/1349] Geocoding: Mr Burger Hudsonville, Hudsonville, MI... ✓ (42.8742, -85.8594)
[904/1349] Geocoding: Mr. Bibs LLC, Baldwin, MI... ✗ (not found)
[905/1349] Geocoding: MR. C'S Custom Cone LLC, White Lake, MI... ✓ (42.6434, -83.4479)
[906/1349] Geocoding: Mr. Grocery, Grand Junction, MI... ✓ (42.4041, -86.0720)
[907/1349] Geocoding: Ms Fuels Inc, Roseville, MI... ✓ (42.5326, -82.9130)
[908/1349] Geocoding: MSU Dairy Store, East Lansing, MI... ✓ (42.7246, -84.4791)
[909/1349] Geocoding: MSU Duffy Daugherty Bldg, East Lansing, MI... ✓ (42.7211, -84.4871)
[910/1349] Geocoding: MSU Jenison Fieldhouse, East Lansing, MI... ✗ (not found)
[911/1349] Geocoding: Mugg & Bopps #1, Howell, MI... ✓ (42.6006, -83.9331)
[912/1349] Geocoding: Mugg & Bopps #10, Brighton, MI... ✓ (42.5342, -83.7565)
[913/1349] Geocoding: Mugg & Bopps #11, Pleasant Lake, MI... ✓ (42.3804, -84.3255)
[914/1349] Geocoding: Mugg & Bopps #12, Perry, MI... ✓ (42.8257, -84.2195)
[915/1349] Geocoding: Mugg & Bopps #13, Morrice, MI... ✓ (42.8347, -84.1798)
[916/1349] Geocoding: Mugg & Bopps #14, Howell, MI... ✗ (not found)
[917/1349] Geocoding: Mugg & Bopps #15, Whitmore Lake, MI... ✓ (42.4422, -83.7573)
[918/1349] Geocoding: Mugg & Bopps #16, Munith, MI... ✓ (42.3933, -84.2505)
[919/1349] Geocoding: Mugg & Bopps #17, Hartland, MI... ✓ (42.6358, -83.7378)
[920/1349] Geocoding: Mugg & Bopps #18, Howell, MI... ✗ (not found)
[921/1349] Geocoding: Mugg & Bopps #19 Countryway Mk, Fowlerville, MI... ✓ (42.5989, -84.0709)
[922/1349] Geocoding: Mugg & Bopps #2, Howell, MI... ✓ (42.6084, -83.9292)
[923/1349] Geocoding: Mugg & Bopps #20 Chelsea, Chelsea, MI... ✓ (42.2970, -84.0262)
[924/1349] Geocoding: Mugg & Bopps #21 Howell, Howell, MI... ✓ (42.6966, -83.9405)
[925/1349] Geocoding: Mugg & Bopps #22 Chelsea, Chelsea, MI... ✓ (42.3338, -84.0257)
[926/1349] Geocoding: Mugg & Bopps #3, Pinckney, MI... ✓ (42.4571, -83.9449)
[927/1349] Geocoding: Mugg & Bopps #4, Stockbridge, MI... ✓ (42.4500, -84.1800)
[928/1349] Geocoding: Mugg & Bopps #5, Dexter, MI... ✓ (42.3330, -83.8870)
[929/1349] Geocoding: Mugg & Bopps #6, Holly, MI... ✓ (42.8068, -83.6277)
[930/1349] Geocoding: Mugg & Bopps #7, Gregory, MI... ✗ (not found)
[931/1349] Geocoding: Mugg & Bopps #8, Grass Lake Twp, MI... ✓ (42.2885, -84.2048)
[932/1349] Geocoding: Mugg & Bopps #9, Howell, MI... ✓ (42.6225, -83.9184)
[933/1349] Geocoding: Muir Mini Mart, Muir, MI... ✓ (43.0020, -84.9403)
[934/1349] Geocoding: Mulders Merchants, Grand Rapids, MI... ✓ (42.9245, -85.6337)
[935/1349] Geocoding: Munchy Llama KEY#83, Comstock Park, MI... ✓ (43.0331, -85.6679)
[936/1349] Geocoding: Murtle's Handmade Chocolates, Owosso, MI... ✓ (42.9976, -84.1713)
[937/1349] Geocoding: Mussell Beach, Bay City, MI... ✗ (not found)
[938/1349] Geocoding: MVP Sports Club, Grand Rapids, MI... ✓ (42.9269, -85.5846)
[939/1349] Geocoding: Na-Tah-Ka, Irons, MI... ✗ (not found)
[940/1349] Geocoding: Nancy's @ The Lake, New Buffalo, MI... ✗ (not found)
[941/1349] Geocoding: Narrow Lake Country Store, Springport, MI... ✓ (42.4421, -84.7789)
[942/1349] Geocoding: Nauti MI On The River, Pinckney, MI... ✗ (not found)
[943/1349] Geocoding: Nedo's Farm Market, Mikado, MI... ✓ (44.5202, -83.4220)
[944/1349] Geocoding: Neighborhood Party Store, Ossineke, MI... ✓ (44.9031, -83.4425)
[945/1349] Geocoding: Neiman's Family Mkt - Tawas, Tawas City, MI... ✓ (44.2731, -83.5102)
[946/1349] Geocoding: Neimans Family Mkt, Mayville, MI... ✓ (43.3369, -83.3489)
[947/1349] Geocoding: Nelson's Farm Market, Grant, MI... ✓ (43.3512, -85.8059)
[948/1349] Geocoding: Newaygo Farm Bureau, Remus, MI... ✗ (not found)
[949/1349] Geocoding: Nibbles, Roscommon, MI... ✓ (44.4214, -84.6823)
[950/1349] Geocoding: Nick's 22nd St Steak House, Utica, MI... ✗ (not found)
[951/1349] Geocoding: Nienhuis Dairy Farm LLC, Zeeland, MI... ✗ (not found)
[952/1349] Geocoding: Niles Lucky Stop, Niles, MI... ✓ (41.7838, -86.2510)
[953/1349] Geocoding: Nini's Ice Cream, LLC, Paulding, OH... ✓ (41.1383, -84.5804)
[954/1349] Geocoding: Nixon's Grocery, Brant, MI... ✓ (43.2594, -84.2289)
[955/1349] Geocoding: Norm's Ice Cream Shop LLC, Fruitport, MI... ✓ (43.1309, -86.1553)
[956/1349] Geocoding: North End Party Store, Charlotte, MI... ✓ (42.5704, -84.8358)
[957/1349] Geocoding: North Shore Market, Linden, MI... ✗ (not found)
[958/1349] Geocoding: Northern Heights Citgo, Big Rapids, MI... ✓ (43.6279, -85.4845)
[959/1349] Geocoding: Northside Market, Ludington, MI... ✓ (43.9707, -86.4388)
[960/1349] Geocoding: Northside Party Store, Ionia, MI... ✓ (42.9889, -85.0750)
[961/1349] Geocoding: Northview Party Store, Macomb, MI... ✓ (42.6443, -82.8764)
[962/1349] Geocoding: Norton Mini Mart, Muskegon, MI... ✓ (43.1915, -86.2936)
[963/1349] Geocoding: Novak Applied Technologies, Midland, MI... ✓ (43.6230, -84.2418)
[964/1349] Geocoding: Nuvu Fuels, Manistee, MI... ✗ (not found)
[965/1349] Geocoding: Oak Beach Pantry & Pizza, Port Austin, MI... ✓ (44.0091, -83.0509)
[966/1349] Geocoding: Oh Five Scoop Shop LLC, Fort Wayne, IN... ✓ (41.0971, -85.1126)
[967/1349] Geocoding: Oinks 2020 Inc. (KEY #13 ), New Buffalo, MI... ✓ (41.7926, -86.7466)
[968/1349] Geocoding: Old 27 Ice Cream Shop, Decatur, IN... ✓ (40.8289, -84.9240)
[969/1349] Geocoding: Old Orchard Park General Store, Oscoda, MI... ✓ (44.4449, -83.4831)
[970/1349] Geocoding: Ole Dam Rd Party Store, Grayling, MI... ✗ (not found)
[971/1349] Geocoding: Oliver Gramm LLC, Caledonia, MI... ✓ (42.7857, -85.5067)
[972/1349] Geocoding: OM Petroleum1 Inc., Elm Hall, MI... ✗ (not found)
[973/1349] Geocoding: Ope, It's Ice Cream, Newaygo, MI... ✓ (43.4116, -85.8069)
[974/1349] Geocoding: Orangeville Fast Stop #4692, Shelbyville, MI... ✗ (not found)
[975/1349] Geocoding: Orchard Market Freesoil, Freesoil, MI... ✗ (not found)
[976/1349] Geocoding: Orchard Market Fruitport, Fruitport, MI... ✓ (43.1332, -86.1538)
[977/1349] Geocoding: Orchard Market Spring Lake, Spring Lake, MI... ✓ (43.0775, -86.1725)
[978/1349] Geocoding: Otisville Dairy Delight, Otisville, MI... ✓ (43.1368, -83.5191)
[979/1349] Geocoding: Ottawa Beach Gen Store(KEY#107, Holland, MI... ✓ (42.7758, -86.2007)
[980/1349] Geocoding: Outdoor Adventures - Davison, Davison, MI... ✓ (43.0702, -83.5445)
[981/1349] Geocoding: Outdoor Adventures - Kalamazoo, Kalamazoo, MI... ✓ (42.3941, -85.7169)
[982/1349] Geocoding: Outdoor Adventures - Mt Pleasa, Mt Pleasant, MI... ✓ (43.6463, -84.6629)
[983/1349] Geocoding: Outdoor Adventures Omer, Omer, MI... ✗ (not found)
[984/1349] Geocoding: Outdoor Adventures Standish, Standish, MI... ✓ (43.9461, -83.9269)
[985/1349] Geocoding: Outdoor Adventures Sterling, Sterling, MI... ✓ (44.0745, -84.0196)
[986/1349] Geocoding: Owasippe Scout Reservation, Twin Lake, MI... ✓ (43.4515, -86.2115)
[987/1349] Geocoding: Ox's Smoked Meats, Westphalia, MI... ✓ (42.9293, -84.7991)
[988/1349] Geocoding: Paisley's Sugar Shack, Gladwin, MI... ✓ (44.1316, -84.4675)
[989/1349] Geocoding: Pan Northside Beverage, Three Rivers, MI... ✓ (41.9465, -85.6345)
[990/1349] Geocoding: Park Lake Creamery, Bath, MI... ✓ (42.7928, -84.4369)
[991/1349] Geocoding: Park Lake Creamery Warehouse, Haslett, MI... ✗ (not found)
[992/1349] Geocoding: Parkside Store, Mears, MI... ✗ (not found)
[993/1349] Geocoding: Pathway Home of Elsie, Elsie, MI... ✓ (43.0886, -84.3881)
[994/1349] Geocoding: Patriot Party Mart, Caro, MI... ✓ (43.4923, -83.3925)
[995/1349] Geocoding: Peachwave, Wyoming, MI... ✗ (not found)
[996/1349] Geocoding: Pearly's Dairy King, Beulah, MI... ✓ (44.6360, -86.0888)
[997/1349] Geocoding: Pentwater Convenience Center, Pentwater, MI... ✓ (43.7620, -86.3880)
[998/1349] Geocoding: Pentwater Dari Creme, Pentwater, MI... ✓ (43.7820, -86.4333)
[999/1349] Geocoding: Pentwater House of Flavors, Pentwater, MI... ✓ (43.7798, -86.4329)
[1000/1349] Geocoding: Pepperoni Cow, Lakeport, MI... ✓ (43.1127, -82.4915)
[1001/1349] Geocoding: Perks of Frankfort, Frankfort, MI... ✓ (44.6326, -86.2391)
[1002/1349] Geocoding: Pete's Party and Supply LLC, Oscoda, MI... ✗ (not found)
[1003/1349] Geocoding: Petro P-Bay Park Holland, Holland, MI... ✓ (42.8047, -86.0930)
[1004/1349] Geocoding: Petro P-Beltline/3 Mil Mar 380, Grand Rapids, MI... ✓ (43.0137, -85.5894)
[1005/1349] Geocoding: Petro P-Caledonia BP #430, Caledonia, MI... ✓ (42.7897, -85.5073)
[1006/1349] Geocoding: Petro P-Centerpoint Mar #340, Grand Rapids, MI... ✓ (42.9167, -85.5833)
[1007/1349] Geocoding: Petro P-Cornerstone BP #330, Grand Rapids, MI... ✗ (not found)
[1008/1349] Geocoding: Petro P-Dorr Marathon #470, Dorr, MI... ✓ (42.7253, -85.7224)
[1009/1349] Geocoding: Petro P-Fillmore BP #370, Holland, MI... ✓ (42.7465, -86.0737)
[1010/1349] Geocoding: Petro P-Gun Lake BP 415, Wayland, MI... ✓ (42.6772, -85.5450)
[1011/1349] Geocoding: Petro P-Hamilton Marathon #375, Hamilton, MI... ✓ (42.6669, -85.9955)
[1012/1349] Geocoding: Petro P-Lowell BP #412, Lowell, MI... ✓ (42.9338, -85.3422)
[1013/1349] Geocoding: Petro P-Rivertown Marathon 308, Grandville, MI... ✓ (42.8842, -85.7620)
[1014/1349] Geocoding: Petro P-Stanton Junction #460, West Olive, MI... ✓ (42.9337, -86.1550)
[1015/1349] Geocoding: Petro P-Yankee Sp Marathon 415, Middleville, MI... ✗ (not found)
[1016/1349] Geocoding: Petro P Fennville BP #402, Fennville, MI... ✓ (42.5946, -86.1018)
[1017/1349] Geocoding: Petro P Yellow Jacket, West Olive, MI... ✓ (42.9728, -86.0836)
[1018/1349] Geocoding: Phoenix Rising Bakery, Grand Rapids, MI... ✓ (42.9159, -85.6661)
[1019/1349] Geocoding: Pic -n- Pac, Muskegon, MI... ✗ (not found)
[1020/1349] Geocoding: Pickard St Citgo, Mt Pleasant, MI... ✓ (43.6118, -84.7871)
[1021/1349] Geocoding: Pierside 23, Au Gres, MI... ✓ (44.0478, -83.7068)
[1022/1349] Geocoding: Pig -N- Pizza LLC (KEY #36 ), Three Rivers, MI... ✗ (not found)
[1023/1349] Geocoding: Pinckney Bakery, Pinckney, MI... ✓ (42.4571, -83.9457)
[1024/1349] Geocoding: Pine River General Store, LLC, Wellston, MI... ✗ (not found)
[1025/1349] Geocoding: Pioneer Party Store, Custer, MI... ✓ (43.9531, -86.1263)
[1026/1349] Geocoding: Plane Food Market LLC, Stockbridge, MI... ✓ (42.4501, -84.1798)
[1027/1349] Geocoding: Portage Store and Deli, Presque Isle, MI... ✓ (45.3433, -83.4853)
[1028/1349] Geocoding: Post Family Farm LLC, Hudsonville, MI... ✗ (not found)
[1029/1349] Geocoding: Prescott Party Store, Prescott, MI... ✓ (44.1908, -83.9246)
[1030/1349] Geocoding: Pufferbelly Ice Cream LLC, Ft Wayne, IN... ✓ (41.0839, -85.1442)
[1031/1349] Geocoding: Pure Pastures, Plymouth, MI... ✓ (42.3586, -83.4769)
[1032/1349] Geocoding: Purtells LLC, Pinconning, MI... ✓ (43.8604, -83.9662)
[1033/1349] Geocoding: Quality Dairy #18, Holt, MI... ✗ (not found)
[1034/1349] Geocoding: Quick Stop, Owosso, MI... ✓ (42.9883, -84.1769)
[1035/1349] Geocoding: Quick Stop 18, Byron, MI... ✓ (42.8231, -83.9439)
[1036/1349] Geocoding: Quick Stop 19, Owosso, MI... ✓ (42.9980, -84.1985)
[1037/1349] Geocoding: Quick Stop 21, Flushing, MI... ✓ (43.0624, -83.8622)
[1038/1349] Geocoding: Quick Stop 22, Corunna, MI... ✗ (not found)
[1039/1349] Geocoding: Quick Stop 26, Durand, MI... ✗ (not found)
[1040/1349] Geocoding: Quickwater Coffee ( KEY #76 ), Rockford, MI... ✗ (not found)
[1041/1349] Geocoding: Quickway Liquor LLC, South Haven, MI... ✗ (not found)
[1042/1349] Geocoding: R & S Party Store, Wyoming, MI... ✓ (42.9003, -85.7247)
[1043/1349] Geocoding: R Store, Plainwell, MI... ✓ (42.4346, -85.6414)
[1044/1349] Geocoding: Ralph's Food Market, Grand Rapids, MI... ✓ (42.9852, -85.6846)
[1045/1349] Geocoding: Ray's Drive In, Grand Haven, MI... ✓ (43.0610, -86.2204)
[1046/1349] Geocoding: Ray's Mini Mart-OutdoorPS Milk, Muskegon, MI... ✓ (43.2954, -86.2018)
[1047/1349] Geocoding: Red Egg Creamery, Spring Arbor, MI... ✓ (42.2036, -84.5595)
[1048/1349] Geocoding: Red Tricycle Ic Cream (KEY #37, Kalamazoo, MI... ✓ (42.2604, -85.5895)
[1049/1349] Geocoding: Red Wok, Muskegon, MI... ✓ (43.2058, -86.1943)
[1050/1349] Geocoding: Redwing Corner, Vanderbilt, MI... ✓ (45.1432, -84.6632)
[1051/1349] Geocoding: Renfroes Dairy Delight, Homer, MI... ✓ (42.1472, -84.8112)
[1052/1349] Geocoding: Rescue Mission, Muskegon, MI... ✓ (43.2196, -86.2344)
[1053/1349] Geocoding: Rich's Country Store, Lansing, MI... ✓ (42.6614, -84.5918)
[1054/1349] Geocoding: Rita's Twisty Freeze, Standish, MI... ✓ (43.9901, -83.9565)
[1055/1349] Geocoding: River Ridge Family Campground, Breckenridge, MI... ✓ (43.5304, -84.4484)
[1056/1349] Geocoding: River View Campground, Sterling, MI... ✗ (not found)
[1057/1349] Geocoding: Riverdale High Hills, Riverdale, MI... ✓ (43.4087, -84.8261)
[1058/1349] Geocoding: Rivermart Inc., Fremont, MI... ✓ (43.3650, -85.9387)
[1059/1349] Geocoding: Riverside Canoes, Honor, MI... ✓ (44.7109, -86.1194)
[1060/1349] Geocoding: Riverview Coffee, Byron, MI... ✓ (42.8242, -83.9443)
[1061/1349] Geocoding: Roadtrip Oasis #751 Perry, Perry, MI... ✓ (42.8361, -84.2210)
[1062/1349] Geocoding: Rochette Party Store, Grayling, MI... ✓ (44.6626, -84.7160)
[1063/1349] Geocoding: Rock Church, Grandville, MI... ✓ (42.9116, -85.7556)
[1064/1349] Geocoding: Rocky Top Frozen Treats, Van Wert, OH... ✓ (40.8588, -84.5902)
[1065/1349] Geocoding: Rodriguez Supermarket #1, Wyoming, MI... ✗ (not found)
[1066/1349] Geocoding: Rodriguez Supermarket #2, Grand Rapids, MI... ✓ (42.9377, -85.6847)
[1067/1349] Geocoding: Rogers Fam Mkt Lake City, Lake City, MI... ✓ (44.3401, -85.2107)
[1068/1349] Geocoding: Rogers Family Mkt Auburn, Auburn, MI... ✓ (43.6033, -84.0569)
[1069/1349] Geocoding: Rogers Family Mkt Glennie MILK, Glennie, MI... ✓ (44.5614, -83.7258)
[1070/1349] Geocoding: Rogers Family Mkt Hale MILK, Hale, MI... ✗ (not found)
[1071/1349] Geocoding: Rogers Family Mkt Oscoda MILK, Oscoda, MI... ✓ (44.4273, -83.3301)
[1072/1349] Geocoding: Roosters Food Mart, St Joseph, MI... ✓ (42.0984, -86.4908)
[1073/1349] Geocoding: Root Coffee House, Fennville, MI... ✓ (42.5942, -86.1041)
[1074/1349] Geocoding: Rooted, Mancelona, MI... ✓ (44.8990, -85.0641)
[1075/1349] Geocoding: Rosati's Mkt #2 Beaverton, Beaverton, MI... ✓ (43.8799, -84.4853)
[1076/1349] Geocoding: Rosati's Mkt #3 Beaverton, Beaverton, MI... ✗ (not found)
[1077/1349] Geocoding: Rosati's Mkt Hemlock, Hemlock, MI... ✗ (not found)
[1078/1349] Geocoding: Rosati's Mkt Prescott, Prescott, MI... ✓ (44.1912, -83.9044)
[1079/1349] Geocoding: Rosie's Ice Cream and More, Sand Lake, MI... ✓ (43.2919, -85.5165)
[1080/1349] Geocoding: Rotif Company (Sunoco), Paw Paw, MI... ✓ (42.1975, -85.8918)
[1081/1349] Geocoding: Roxy's Heavenly Scoops, Bremen, IN... ✓ (41.4463, -86.1464)
[1082/1349] Geocoding: RP Oil (Phillips 66), Hastings, MI... ✓ (42.6322, -85.2836)
[1083/1349] Geocoding: Ruby's Sandwich Shoppe, Paw Paw, MI... ✓ (42.2177, -85.8924)
[1084/1349] Geocoding: Rudy's Drive In, Michigan Center, MI... ✓ (42.2377, -84.3436)
[1085/1349] Geocoding: Runway Party Store, Jackson, MI... ✓ (42.2548, -84.4702)
[1086/1349] Geocoding: Ruth Ann's Ice Cream, North Muskegon, MI... ✗ (not found)
[1087/1349] Geocoding: Ruthie's Dairy Twist, Bellaire, MI... ✓ (44.9775, -85.2101)
[1088/1349] Geocoding: S.Holland Capt Sundae (KEY #2), Holland, MI... ✓ (42.7617, -86.1182)
[1089/1349] Geocoding: Saganing Sagamok Mobil, Pinconning, MI... ✓ (43.8976, -83.9663)
[1090/1349] Geocoding: Sales Samples, Hudsonville, MI... ✓ (42.8741, -85.8592)
[1091/1349] Geocoding: Sandy's Donuts, Grand Rapids, MI... ✓ (42.9859, -85.7184)
[1092/1349] Geocoding: Sandy's Market (GBS P & S LLC), Beaverton, MI... ✓ (43.8718, -84.3257)
[1093/1349] Geocoding: Sandy Dunes Mini Golf, Port Austin, MI... ✓ (44.0091, -83.0509)
[1094/1349] Geocoding: Sanilac County 4-H Teen Shack, Sandusky, MI... ✗ (not found)
[1095/1349] Geocoding: Saugatuck Drug, Saugatuck, MI... ✓ (42.6558, -86.2038)
[1096/1349] Geocoding: Save A Lot Baldwin, Baldwin, MI... ✓ (43.9052, -85.8525)
[1097/1349] Geocoding: SB Chocolate Cafe St Joe, St Joseph, MI... ✓ (42.1094, -86.4820)
[1098/1349] Geocoding: Scoops - Shepherd, Shepherd, MI... ✓ (43.5242, -84.6933)
[1099/1349] Geocoding: Scoops and Smiles, Inc, Knox, IN... ✗ (not found)
[1100/1349] Geocoding: Scoops Cheboygan, Cheboygan, MI... ✓ (45.6429, -84.4785)
[1101/1349] Geocoding: Scoops Ice Cream Cafe', Coleman, MI... ✓ (43.7564, -84.5862)
[1102/1349] Geocoding: Scoops Of Fun, Angola, IN... ✗ (not found)
[1103/1349] Geocoding: Scoopy-Doo's, DeWitt, MI... ✓ (42.8428, -84.5689)
[1104/1349] Geocoding: Scooters Bean Me Up LLC, Holly, MI... ✗ (not found)
[1105/1349] Geocoding: Scooters Coffee 28th Street, Cascade, MI... ✓ (42.9130, -85.5093)
[1106/1349] Geocoding: Scooters Coffee Big Rapids, Big Rapids, MI... ✓ (43.6878, -85.5023)
[1107/1349] Geocoding: Scooters Coffee Brighton, Brighton, MI... ✓ (42.5365, -83.7840)
[1108/1349] Geocoding: Scooters Coffee Burton, Burton, MI... ✓ (42.9741, -83.6837)
[1109/1349] Geocoding: Scooters Coffee Commerce Twp, Commerce Twp, MI... ✓ (42.5955, -83.4460)
[1110/1349] Geocoding: Scooters Coffee Kentwood, Kentwood, MI... ✓ (42.8837, -85.6069)
[1111/1349] Geocoding: Scooters Coffee Livonia, Livonia, MI... ✓ (42.4263, -83.3748)
[1112/1349] Geocoding: Scooters Coffee Plainfield, Grand Rapids, MI... ✓ (43.0204, -85.6344)
[1113/1349] Geocoding: Scooters Coffee Plymouth, Plymouth, MI... ✓ (42.3588, -83.4789)
[1114/1349] Geocoding: Scooters Coffee Sterling Hgt, Sterling Heights, MI... ✗ (not found)
[1115/1349] Geocoding: Scooters Coffee Sylvania, Toledo, OH... ✗ (not found)
[1116/1349] Geocoding: Scooters Coffee Taylor, Taylor, MI... ✓ (42.2336, -83.2691)
[1117/1349] Geocoding: Scooters Coffee Toledo, Toledo, OH... ✓ (41.6917, -83.6447)
[1118/1349] Geocoding: Scooters Malt Shoppe, Scotts, MI... ✓ (42.1958, -85.4127)
[1119/1349] Geocoding: Sebewaing Market, Sebewaing, MI... ✓ (43.7405, -83.4449)
[1120/1349] Geocoding: Sewa And Sons (Clark), St Johns, MI... ✓ (43.0971, -84.5648)
[1121/1349] Geocoding: SGND Marathon, Benton Harbor, MI... ✓ (42.1167, -86.4510)
[1122/1349] Geocoding: Shaftsburg Village Market, Shaftsburg, MI... ✗ (not found)
[1123/1349] Geocoding: Shelby Corner Market, Shelby, MI... ✓ (43.6096, -86.3842)
[1124/1349] Geocoding: Shell Station Lakeshore, Stevensville, MI... ✓ (42.0349, -86.5134)
[1125/1349] Geocoding: Shell Station Napier, Benton Harbor, MI... ✓ (42.0911, -86.4110)
[1126/1349] Geocoding: Shephardsville Corner Store, Ovid, MI... ✗ (not found)
[1127/1349] Geocoding: Shiawassee County Jail, Corunna, MI... ✓ (42.9808, -84.1159)
[1128/1349] Geocoding: Short & Sweet, Prescott, MI... ✓ (44.1909, -83.9758)
[1129/1349] Geocoding: Shorts Rootbeer Stand, Coldwater, MI... ✓ (41.9437, -85.0165)
[1130/1349] Geocoding: Shorty's Ice Cream & Pizza LLC, Sand Lake, MI... ✗ (not found)
[1131/1349] Geocoding: Sibley Convenience Store, Bitely, MI... ✓ (43.7136, -85.9993)
[1132/1349] Geocoding: Silver Gas LLC, Laingsburg, MI... ✓ (42.8811, -84.4495)
[1133/1349] Geocoding: Silver Hills Campground, Mears, MI... ✓ (43.6747, -86.4182)
[1134/1349] Geocoding: Silver Lake Resort/Campground, Mears, MI... ✗ (not found)
[1135/1349] Geocoding: Silver Lake Shore Gas N Go, Mears, MI... ✓ (43.6678, -86.4832)
[1136/1349] Geocoding: Silver Point General Store, Mears, MI... ✓ (43.6676, -86.4884)
[1137/1349] Geocoding: Silver Scoops Cafe & Creamery, Mears, MI... ✗ (not found)
[1138/1349] Geocoding: Simply Coffee LLC, Manton, MI... ✓ (44.4035, -85.3982)
[1139/1349] Geocoding: Sin Fronteras, Wyoming, MI... ✓ (42.9190, -85.6664)
[1140/1349] Geocoding: Skoops Ice Cream, Grand Haven, MI... ✓ (43.0448, -86.2059)
[1141/1349] Geocoding: Skys Outlet, Alma, MI... ✓ (43.3745, -84.6599)
[1142/1349] Geocoding: Skys Outlet II, Chesaning, MI... ✓ (43.1877, -84.1308)
[1143/1349] Geocoding: Skys Outlet III, Midland, MI... ✓ (43.5758, -84.2480)
[1144/1349] Geocoding: Small Town Scoops, Saginaw, MI... ✓ (43.4370, -84.0282)
[1145/1349] Geocoding: Smitty's, Breckenridge, MI... ✓ (43.4078, -84.4770)
[1146/1349] Geocoding: Smitty's Spec Beverage, Grand Rapids, MI... ✓ (42.9560, -85.6323)
[1147/1349] Geocoding: Snack Shack, Falmouth, MI... ✓ (44.2434, -85.0899)
[1148/1349] Geocoding: SNK BP, Three Rivers, MI... ✓ (41.9428, -85.6414)
[1149/1349] Geocoding: Sobie Meats LLC, Walker, MI... ✓ (42.9903, -85.7530)
[1150/1349] Geocoding: Soft Spot, Borculo, MI... ✓ (42.8852, -86.0219)
[1151/1349] Geocoding: South Branch General, South Branch, MI... ✗ (not found)
[1152/1349] Geocoding: South Branch Market, Grayling, MI... ✗ (not found)
[1153/1349] Geocoding: South Haven Dairy Bar-Shermans, South Haven, MI... ✓ (42.4036, -86.2510)
[1154/1349] Geocoding: South Haven Family Campground, South Haven, MI... ✗ (not found)
[1155/1349] Geocoding: South Pier Creamery (KEY #22), South Haven, MI... ✓ (42.4032, -86.2756)
[1156/1349] Geocoding: South Westnedge Market, Kalamazoo, MI... ✓ (42.2825, -85.5894)
[1157/1349] Geocoding: Southern Spoon, Middleville, MI... ✗ (not found)
[1158/1349] Geocoding: Southside General Store, Sandusky, MI... ✓ (43.4079, -82.8293)
[1159/1349] Geocoding: Southside Scoops LLC, Peru, IN... ✓ (40.7480, -86.0646)
[1160/1349] Geocoding: Spagnuolo's Party Store, Bath, MI... ✓ (42.8128, -84.4489)
[1161/1349] Geocoding: Spike & Mike, Grand Rapids, MI... ✓ (42.9629, -85.6519)
[1162/1349] Geocoding: Spinners, Grand Haven, MI... ✓ (43.0018, -86.1048)
[1163/1349] Geocoding: Spot Gas Stop LLC, Vestaburg, MI... ✓ (43.4083, -84.8655)
[1164/1349] Geocoding: Spring Lake Mini Mart, LLC, Spring Lake, MI... ✓ (43.0886, -86.2026)
[1165/1349] Geocoding: Sprinkle Road BP, Kalamazoo, MI... ✓ (42.2556, -85.5309)
[1166/1349] Geocoding: Sprinkles Donut  Ada, Ada, MI... ✗ (not found)
[1167/1349] Geocoding: Sprinkles Donut  Holland, Holland, MI... ✗ (not found)
[1168/1349] Geocoding: Sprinkles Donut  Hudsonville, Hudsonville, MI... ✓ (42.8858, -85.8504)
[1169/1349] Geocoding: Sprinkles Donut  Rockford, Rockford, MI... ✗ (not found)
[1170/1349] Geocoding: Sprinkles Donut Allendale, Allendale, MI... ✗ (not found)
[1171/1349] Geocoding: Sprinkles Donut Caledonia, Caledonia, MI... ✓ (42.8055, -85.5071)
[1172/1349] Geocoding: Sprinkles Donut Grand Rapids, Grand Rapids, MI... ✓ (42.9845, -85.6389)
[1173/1349] Geocoding: Sprinkles Donut Norton Shores, Norton Shores, MI... ✓ (43.1770, -86.2203)
[1174/1349] Geocoding: Sprinklez DeLight LLC, Mears, MI... ✓ (43.6821, -86.4198)
[1175/1349] Geocoding: Square Scoop, Indianapolis, IN... ✗ (not found)
[1176/1349] Geocoding: SS Gorman's Food Mkt, Lansing, MI... ✓ (42.7619, -84.5710)
[1177/1349] Geocoding: St. Charles Oil Co., St Charles, MI... ✗ (not found)
[1178/1349] Geocoding: St. Joseph County 4-H Youth, Centreville, MI... ✓ (41.9234, -85.5153)
[1179/1349] Geocoding: St. Louis Marathon, St Louis, MI... ✓ (43.4081, -84.5974)
[1180/1349] Geocoding: St. Mary - The Ark, Westphalia, MI... ✓ (42.9293, -84.7990)
[1181/1349] Geocoding: Station 66 LLC, Battle Creek, MI... ✗ (not found)
[1182/1349] Geocoding: Stoney Lake Lutheran, New Era, MI... ✗ (not found)
[1183/1349] Geocoding: Stoney Lake Store, Shelby, MI... ✗ (not found)
[1184/1349] Geocoding: Stop & Shop, Lansing, MI... ✗ (not found)
[1185/1349] Geocoding: Stop n Go, Roseville, MI... ✗ (not found)
[1186/1349] Geocoding: Story's Meats & Deli, Rockford, MI... ✓ (43.1289, -85.5508)
[1187/1349] Geocoding: Stoyanna's, Jackson, MI... ✓ (42.1941, -84.3259)
[1188/1349] Geocoding: Stray's General LLC, Sand Lake, MI... ✓ (43.2988, -85.6210)
[1189/1349] Geocoding: Sugar Rush Sweets, Frankenmuth, MI... ✗ (not found)
[1190/1349] Geocoding: Sully's Sweet Shop #1, Mackinaw City, MI... ✓ (45.7818, -84.7263)
[1191/1349] Geocoding: Sully's Sweet Shop #2, Mackinaw City, MI... ✗ (not found)
[1192/1349] Geocoding: Sun Up Foodmart, Alma, MI... ✓ (43.3788, -84.6371)
[1193/1349] Geocoding: Sundae's Afternoon, Omer, MI... ✗ (not found)
[1194/1349] Geocoding: Sundaes At The Park (KEY #84), Sparta, MI... ✓ (43.1646, -85.7102)
[1195/1349] Geocoding: Sunoco 32 Mile Rd, Armada Park, MI... ✗ (not found)
[1196/1349] Geocoding: Sunrise #36 Midland, Midland, MI... ✓ (43.6054, -84.1908)
[1197/1349] Geocoding: Sunrise #62 Bay City, Bay City, MI... ✓ (43.5900, -83.9158)
[1198/1349] Geocoding: Super Cone Cafe, Corunna, MI... ✓ (42.9769, -84.1207)
[1199/1349] Geocoding: Super Flite Oil- Middle Branch, Marion, MI... ✓ (43.9970, -85.1023)
[1200/1349] Geocoding: Super La Esmeralda (KEY #46 ), Wyoming, MI... ✗ (not found)
[1201/1349] Geocoding: Super Mercado Chicago Dr., Grand Rapids, MI... ✓ (42.9359, -85.6875)
[1202/1349] Geocoding: Super Mercado Division, Wyoming, MI... ✗ (not found)
[1203/1349] Geocoding: Super Stop, Muskegon, MI... ✓ (43.2059, -86.3028)
[1204/1349] Geocoding: Supermercado San Jose, LLC, Comstock Park, MI... ✗ (not found)
[1205/1349] Geocoding: Swamper's, Eagle, MI... ✓ (42.8083, -84.7888)
[1206/1349] Geocoding: Swan Lake Store LLC, Allegan, MI... ✓ (42.4679, -85.9547)
[1207/1349] Geocoding: Sweet B's Ice Cream, Keego Harbor, MI... ✗ (not found)
[1208/1349] Geocoding: Sweet Rewards (KEY #87 ), Grand Rapids, MI... ✓ (42.9138, -85.6660)
[1209/1349] Geocoding: Sweet Sensation of Holt, Holt, MI... ✓ (42.6391, -84.5142)
[1210/1349] Geocoding: Sweet Serendipity LLC (KEY #27, Edmore, MI... ✗ (not found)
[1211/1349] Geocoding: Sweet Temptations Allegan, Allegan, MI... ✓ (42.5160, -85.8346)
[1212/1349] Geocoding: Sweetfern Cafe & Emporium Inc, Irons, MI... ✓ (44.0610, -85.9541)
[1213/1349] Geocoding: Sweets On Main (KEY #111), Ft Wayne, IN... ✓ (41.0800, -85.1408)
[1214/1349] Geocoding: Tacon Madre, Wyoming, MI... ✓ (42.9004, -85.6655)
[1215/1349] Geocoding: Tailgaters Delta, Lansing, MI... ✗ (not found)
[1216/1349] Geocoding: Tailgaters Holt, Holt, MI... ✓ (42.6403, -84.5332)
[1217/1349] Geocoding: Tailgaters LLC, Lansing, MI... ✗ (not found)
[1218/1349] Geocoding: Talking Bear Eats, Plymouth, IN... ✗ (not found)
[1219/1349] Geocoding: Tastee Treat - Fennville, Fennville, MI... ✓ (42.5943, -86.0983)
[1220/1349] Geocoding: Tastee Twirl (KEY #108 ), Cassopolis, MI... ✓ (41.9088, -86.0127)
[1221/1349] Geocoding: Tasty Creationz, Mears, MI... ✗ (not found)
[1222/1349] Geocoding: Tawas Pharmacy LLC, Tawas City, MI... ✓ (44.2699, -83.5143)
[1223/1349] Geocoding: Taylor's Dairy Store, Elwood, IN... ✓ (40.2769, -85.8525)
[1224/1349] Geocoding: Taylor Bridge Hot Spot, Hesperia, MI... ✓ (43.5705, -86.0398)
[1225/1349] Geocoding: Ten 31 Stop, LLC, Scottville, MI... ✓ (43.9550, -86.2870)
[1226/1349] Geocoding: That Early Bird, Grand Rapids, MI... ✓ (42.9569, -85.6338)
[1227/1349] Geocoding: The Barking Cow, Gaston, IN... ✓ (40.3139, -85.5005)
[1228/1349] Geocoding: The Bear Store, Hale, MI... ✓ (44.4211, -83.8050)
[1229/1349] Geocoding: The Big Dipper, Crawfordsville, IN... ✓ (40.0322, -86.8899)
[1230/1349] Geocoding: The Bitterend Coffee House, Grand Rapids, MI... ✓ (42.9633, -85.6871)
[1231/1349] Geocoding: The Burger Joint, Milford, MI... ✓ (42.5897, -83.6002)
[1232/1349] Geocoding: The Chill Zone, LLC, Port Hope, MI... ✓ (43.9415, -82.7133)
[1233/1349] Geocoding: The Coin Slot, Traverse City, MI... ✓ (44.7639, -85.6162)
[1234/1349] Geocoding: The Cone Shoppe ( KEY #82 ), Grand Rapids, MI... ✓ (42.9701, -85.6389)
[1235/1349] Geocoding: The Cool Spot - Just Chillaxin, Frankfort, MI... ✓ (44.6324, -86.2409)
[1236/1349] Geocoding: The Corner Cone, Grand Ledge, MI... ✓ (42.7541, -84.7475)
[1237/1349] Geocoding: The Corner Cup Coffeehouse, Remus, MI... ✗ (not found)
[1238/1349] Geocoding: The Corner Spot Pizza & IC, Haslett, MI... ✓ (42.7536, -84.4087)
[1239/1349] Geocoding: The Custard Parlor, Livonia, MI... ✓ (42.3697, -83.3163)
[1240/1349] Geocoding: The Daily Scoop Ice Cream Shop, Mason, MI... ✓ (42.5795, -84.4433)
[1241/1349] Geocoding: The Dairy Den, Laingsburg, MI... ✓ (42.8883, -84.3462)
[1242/1349] Geocoding: The Dairy House - Freeland, Freeland, MI... ✗ (not found)
[1243/1349] Geocoding: The Dairy Lodge, Traverse City, MI... ✓ (44.7675, -85.6348)
[1244/1349] Geocoding: The Dam Store, Oscoda, MI... ✓ (44.4422, -83.5609)
[1245/1349] Geocoding: The Depot - South Haven, South Haven, MI... ✓ (42.4063, -86.2715)
[1246/1349] Geocoding: The Depot, Lake George, MI... ✓ (43.9644, -84.9463)
[1247/1349] Geocoding: The Farm At Apple Acres, Bay City, MI... ✓ (43.5804, -83.9180)
[1248/1349] Geocoding: The Food Mafia LLC, Cadillac, MI... ✓ (44.2743, -85.4065)
[1249/1349] Geocoding: The Freezer, St Charles, MI... ✓ (43.3044, -84.1435)
[1250/1349] Geocoding: The Golf Center, Mt Pleasant, MI... ✓ (43.5824, -84.8046)
[1251/1349] Geocoding: The Horton Hop, Horton, MI... ✓ (42.1555, -84.5190)
[1252/1349] Geocoding: The Kountry Store, LLC, Hersey, MI... ✓ (43.8572, -85.4439)
[1253/1349] Geocoding: The Little Store, Fennville, MI... ✗ (not found)
[1254/1349] Geocoding: The Lodge Party Store, Midland, MI... ✓ (43.5920, -84.2475)
[1255/1349] Geocoding: The Market LLC, Ludington, MI... ✓ (43.9488, -86.4505)
[1256/1349] Geocoding: The Milkshake Spot, Big Rapids, MI... ✓ (43.6992, -85.4839)
[1257/1349] Geocoding: The New Glenn Store, Fennville, MI... ✗ (not found)
[1258/1349] Geocoding: The Olde Creamery, LLC, Riverdale, MI... ✗ (not found)
[1259/1349] Geocoding: The Other Place at Silver Lake, Mears, MI... ✗ (not found)
[1260/1349] Geocoding: The Pantry - Ada, Ada, MI... ✓ (42.9543, -85.4888)
[1261/1349] Geocoding: The Parlour of Jackson, Jackson, MI... ✓ (42.2519, -84.4315)
[1262/1349] Geocoding: The Party Dock, Bay City, MI... ✓ (43.6512, -83.8724)
[1263/1349] Geocoding: The Pine Cone 2, White Cloud, MI... ✓ (43.5503, -85.7748)
[1264/1349] Geocoding: The Point Drive In, North Judson, IN... ✓ (41.2154, -86.7752)
[1265/1349] Geocoding: The Press & Scoop, Highland, MI... ✓ (42.6212, -83.6162)
[1266/1349] Geocoding: The Pump House- Rckfrd (KEY#75, Rockford, MI... ✓ (43.1207, -85.5592)
[1267/1349] Geocoding: The Pump House Standale-MoJam, Grand Rapids, MI... ✗ (not found)
[1268/1349] Geocoding: The Scoop Shop, Paw Paw, MI... ✓ (42.2177, -85.8903)
[1269/1349] Geocoding: The Shack/Grace Adventures, White Cloud, MI... ✗ (not found)
[1270/1349] Geocoding: The Split - Grand Ledge, Grand Ledge, MI... ✓ (42.7552, -84.7432)
[1271/1349] Geocoding: The Sweet Tooth Of Marine City, Marine City, MI... ✗ (not found)
[1272/1349] Geocoding: The Sweet Tooth Of Rockford, Rockford, MI... ✓ (43.1199, -85.5589)
[1273/1349] Geocoding: The Twisted Cow, McBain, MI... ✓ (44.1925, -85.2106)
[1274/1349] Geocoding: The Village Mart, Crossvillage, MI... ✗ (not found)
[1275/1349] Geocoding: The Vinery, Dearborn, MI... ✓ (42.2818, -83.2317)
[1276/1349] Geocoding: The Yogurt Station, Pleasant Ridge, MI... ✗ (not found)
[1277/1349] Geocoding: Theis Party Store, Fowler, MI... ✓ (43.0015, -84.7401)
[1278/1349] Geocoding: Thirsty's, Cadillac, MI... ✓ (44.2291, -85.4774)
[1279/1349] Geocoding: Thornapple Lake Trading Post, Hastings, MI... ✓ (42.6110, -85.2111)
[1280/1349] Geocoding: Thrush's Pit Stop, Farwell, MI... ✓ (43.8543, -84.8974)
[1281/1349] Geocoding: Tienda La Bendicion, Grand Rapids, MI... ✗ (not found)
[1282/1349] Geocoding: Tiffany's Cafe, Empire, MI... ✓ (44.8110, -86.0606)
[1283/1349] Geocoding: Tin Roof Group LLC, Stockbridge, MI... ✓ (42.4423, -84.1795)
[1284/1349] Geocoding: Tip'N Point Grocery(Homestead), New Lothrop, MI... ✓ (43.1167, -83.9719)
[1285/1349] Geocoding: Tip Top Ice Cream Shop, Houghton Lake, MI... ✗ (not found)
[1286/1349] Geocoding: Tip Top Liquor, Royal Oak, MI... ✓ (42.5175, -83.1995)
[1287/1349] Geocoding: Tippy Cow Ice Cream (KEY #49 ), Grandville, MI... ✓ (42.9109, -85.7585)
[1288/1349] Geocoding: Tom's Mkrt-West*D, Traverse City, MI... ✗ (not found)
[1289/1349] Geocoding: Tom's Mrkt-East*D, Traverse City, MI... ✓ (44.7547, -85.5723)
[1290/1349] Geocoding: Too Talls Tasty Treats, Grand Rapids, MI... ✓ (43.0169, -85.6560)
[1291/1349] Geocoding: Toski Sands Market, Petoskey, MI... ✗ (not found)
[1292/1349] Geocoding: Trailside Creamery, Waters, MI... ✓ (44.8787, -84.6988)
[1293/1349] Geocoding: Trailside Gas & Grocery, Big Rapids, MI... ✗ (not found)
[1294/1349] Geocoding: Trailside Treats, Sweetser, IN... ✓ (40.5673, -85.7690)
[1295/1349] Geocoding: Tres Hermanos Bakery, Wyoming, MI... ✓ (42.9280, -85.7022)
[1296/1349] Geocoding: Tri Ponds Campground, Allegan, MI... ✓ (42.5920, -85.9071)
[1297/1349] Geocoding: Truck Stop 117, Williamston, MI... ✓ (42.6628, -84.2824)
[1298/1349] Geocoding: True North Community Services, Fremont, MI... ✓ (43.4583, -85.9400)
[1299/1349] Geocoding: True North Ice Cream, Marshall, MI... ✓ (42.2823, -84.9688)
[1300/1349] Geocoding: Tummy Ache Candy Store, Bay City, MI... ✓ (43.6000, -83.8714)
[1301/1349] Geocoding: Turk Lake Market Inc, Greenville, MI... ✓ (43.2645, -85.2566)
[1302/1349] Geocoding: Turner Thyme Hospitality, West Branch, MI... ✓ (44.2753, -84.2295)
[1303/1349] Geocoding: Twin Lake Park Store LLC, Twin Lake, MI... ✓ (43.3660, -86.1647)
[1304/1349] Geocoding: Twin Pines Campground, Hanover, MI... ✓ (42.1172, -84.6940)
[1305/1349] Geocoding: Twisters - Alma, Alma, MI... ✗ (not found)
[1306/1349] Geocoding: Twisters - Chelsea, Chelsea, MI... ✓ (42.3091, -84.0210)
[1307/1349] Geocoding: Twisters - Freeland, Freeland, MI... ✓ (43.5385, -84.1390)
[1308/1349] Geocoding: Twisters - Fulton (KEY #74 ), Grand Rapids, MI... ✓ (42.9635, -85.6917)
[1309/1349] Geocoding: Twisters - Jackson, Jackson, MI... ✓ (42.2989, -84.4135)
[1310/1349] Geocoding: Twisters - St. Johns, St Johns, MI... ✗ (not found)
[1311/1349] Geocoding: Twisters - W Michigan (KEY #67, Parchment, MI... ✓ (42.3257, -85.5705)
[1312/1349] Geocoding: Twisters - Waverly (KEY #15 ), Lansing, MI... ✓ (42.7305, -84.6024)
[1313/1349] Geocoding: Twisters - Williamston, Williamston, MI... ✓ (42.6887, -84.2808)
[1314/1349] Geocoding: Udder Delights, Traverse City, MI... ✓ (44.7331, -85.6034)
[1315/1349] Geocoding: Udder Side, Jonesville, MI... ✓ (41.9748, -84.6841)
[1316/1349] Geocoding: Ultimate Ice Cream, Cadillac, MI... ✓ (44.2312, -85.4469)
[1317/1349] Geocoding: Unadilla Store, Gregory, MI... ✓ (42.4561, -84.0765)
[1318/1349] Geocoding: Uncle Ray's Dairyland, Fenton, MI... ✓ (42.8168, -83.7074)
[1319/1349] Geocoding: Underground Cookie Club, Kentwood, MI... ✓ (42.8685, -85.6642)
[1320/1349] Geocoding: Up North Farm Market LLC, Hart, MI... ✗ (not found)
[1321/1349] Geocoding: Uranus Fudge Factory - IN  LLC, Anderson, IN... ✓ (40.0614, -85.7001)
[1322/1349] Geocoding: Urban Swirl, Granger, IN... ✗ (not found)
[1323/1349] Geocoding: USA Gill Petroleum LLC Maratho, Breckenridge, MI... ✓ (43.4082, -84.4714)
[1324/1349] Geocoding: Valley Meat Market, Pinconning, MI... ✓ (43.8567, -83.9613)
[1325/1349] Geocoding: Van Pattens General Store LLC, Rothbury, MI... ✓ (43.4914, -86.2674)
[1326/1349] Geocoding: Variety Liquor 3, Munger, MI... ✓ (43.5221, -83.7796)
[1327/1349] Geocoding: Vernon Cone Company, Vernon, MI... ✓ (42.9393, -84.0323)
[1328/1349] Geocoding: Victorian Cafe, Hale, MI... ✗ (not found)
[1329/1349] Geocoding: Viking Grocery, Howard City, MI... ✓ (43.3808, -85.4738)
[1330/1349] Geocoding: Village Cone Shop ( KEY #72 ), Grand Rapids, MI... ✓ (42.9306, -85.6085)
[1331/1349] Geocoding: Village Ice Cream & Cafe, Dimondale, MI... ✓ (42.6440, -84.6510)
[1332/1349] Geocoding: Visser Farms LLC, Holland, MI... ✓ (42.9070, -86.0611)
[1333/1349] Geocoding: VJ Distribution Center Inc., Dearborn, MI... ✗ (not found)
[1334/1349] Geocoding: Vogel Store, McBain, MI... ✓ (44.1928, -85.0525)
[1335/1349] Geocoding: Vriesland Country Store, Zeeland, MI... ✓ (42.8113, -85.9408)
[1336/1349] Geocoding: Wacousta General, Grand Ledge, MI... ✓ (42.8272, -84.7005)
[1337/1349] Geocoding: Walloon Village General Store, Walloon Lake, MI... ✗ (not found)
[1338/1349] Geocoding: Walnut Hills Family Campground, Durand, MI... ✗ (not found)
[1339/1349] Geocoding: Walravens, Harrison, MI... ✗ (not found)
[1340/1349] Geocoding: Warren Dunes Camp Store, Sawyer, MI... ✗ (not found)
[1341/1349] Geocoding: Warren One Stop - Shell, Warren, MI... ✓ (42.5198, -83.0861)
[1342/1349] Geocoding: Waterside Resort, Ludington, MI... ✓ (44.0161, -86.4575)
[1343/1349] Geocoding: Webberville Party Store, Webberville, MI... ✓ (42.6671, -84.1739)
[1344/1349] Geocoding: Wedgewood Christian Services, Grand Rapids, MI... ✓ (42.8983, -85.6451)
[1345/1349] Geocoding: Weller Auto Parts, Inc., Wyoming, MI... ✓ (42.9334, -85.7160)
[1346/1349] Geocoding: Wellman Party Store, Oscoda, MI... ✓ (44.4161, -83.3301)
[1347/1349] Geocoding: Wesco #10, Adrian, MI... ✗ (not found)
[1348/1349] Geocoding: Wesco #11, Brooklyn, MI... ✗ (not found)
[1349/1349] Geocoding: Wesco #12, Jackson, MI... ✓ (42.2999, -84.4134)

Done. 1049 geocoded, 0 from cache, 300 failed.
Output: 1049 retailers → /Users/oliviaarkema/Desktop/cdfs-0528/retailers/retailers.json
