Customer #,Name,Address,City,ST,Zip,Phone,Category,Custom Category
6051,1051 RBM - Marathon,1051 North Ave,Battle Creek,MI,49017,269-965-8707,"Milk, Serves Ice Cream","MILK, SERVES ICE CREAM"
3200,44th Street Dog/Dairy (KEY #71,521 - 44th ST SW,Wyoming,MI,49548-9769,616 389-7951,Serves Soft Serve,SERVES SOFT SERVE
5056,56 Exit Truck Stop,60902 M-51,Paw Paw,MI,,516-808-3041,Milk,MILK
2572,7-Eleven #36939B,8976 Tittabasassee Rd,Saginaw,MI,48603-1428,989 270-3905,Milk,MILK
7080,8K Before You Eat,Hungry For Christ,Hamilton,MI,49419-3080,616 886-8082,Milk,MILK
11504,A & B City Dairy,1556 S Meridian Rd,Midland,MI,48640-6610,989 835-2361,Sells Ice Cream,SELLS ICE CREAM
11189,A & B Party Store I/C,802 Butterworth,Grand Rapids,MI,49504,616 454-8977,Milk,MILK
10049,A & K Dawn Donuts,132 Perry Road,Grand Blanc,MI,48439-1818,810 694-3830,Milk,MILK
20668,"Ace Fuelling, Inc",2897 10th Street,Bradley,MI,49344,786-550-5500,Milk,MILK
20006,AD Bos Vending,308 Garden Avenue,Holland,MI,49424-2206,616-218-7276,Milk,MILK
11219,ADJ Petroleum,57887 Red Arrow Hwy,Lawrence,MI,49064,,Milk,MILK
11282,Admiral Alma #5748,802 Superior Dr.,Alma,MI,48801-1818,213 323-4444,Milk,MILK
11260,Admiral Alma #5868,639 Wright Ave.,Alma,MI,48801-1818,989 463-6044,Milk,MILK
11261,Admiral Alma #5869,2982 W. Monroe Rd.,Alma,MI,48801-1818,989 463-8498,Milk,MILK
11336,Admiral Bay City #5795,314 S. Euclid Ave.,Bay City,MI,48706-1428,989 686-6980,Milk,MILK
11262,Admiral Edmore #5870,1102 E. Main St.,Edmore,MI,48829,989 427-5384,Milk,MILK
11270,Admiral Houghton Lake #5829,3880 W Houghton Lake Rd,Houghton Lake,MI,48629-6610,989 366-5704,Milk,MILK
11383,Admiral Ionia #5882,2525 S State Rd,Ionia,MI,48846-1818,616 5230005,Milk,MILK
11263,Admiral Ithaca #5871,1309 E. Center Rd.,Ithaca,MI,48847-1818,989 875-8752,Milk,MILK
11252,Admiral Lowell #5770,2001 Main St,Lowell,MI,49331,616 897-3044,Milk,MILK
11273,Admiral Owosso #5879,1959 E. Main,Owosso,MI,48867-2902,989 472-9004,Milk,MILK
11284,Admiral Saginaw #5727,5605 State St,Saginaw,MI,48603-1428,989 7992137,Milk,MILK
11271,Admiral Scottville #5791,130 State St,Scottville,MI,49454-2902,231 757-9471,Milk,MILK
11420,Adventure Bound Camping,Resorts Of West Michigan,White Cloud,MI,49349-4525,231 689-6685,Milk,MILK
71057,Affogato's (KEY #50 ),11233 68TH Ave.  Suite A,Allendale,MI,49401-9769,616 710-2939,"Milk, Serves Soft Serve","MILK, SERVES SOFT SERVE"
11285,Age Well Service of W Michigan,560 Seminole Rd,Muskegon,MI,49444-3080,231 733-8646,Milk,MILK
11581,AGO #01 Sparta,560 E. Division,Sparta,MI,49345-1320,616 8870352,Milk,MILK
11583,AGO #02 Grant,12432 Mason Dr,Grant,MI,49327-1320,616 8345741,"Milk, Serves Ice Cream","MILK, SERVES ICE CREAM"
11585,AGO #03 D 36th St Citgo,150 36TH St SW,Wyoming,MI,49548-1320,616 243-4781,Milk,MILK
11587,AGO #04 Belding AGO,1131 West State,Belding,MI,48809-1320,616 7941010,"Milk, Serves Ice Cream","MILK, SERVES ICE CREAM"
11589,AGO #05 Cedar Springs Citgo,4010 17 Mile Rd,Cedar Springs,MI,49319-1320,616 6963030,Milk,MILK
11591,AGO #06 D Plainfield Citgo,3895 Plainfield NE,Grand Rapids,MI,49525-1320,616 3630581,Milk,MILK
82515,AGO #07 Paw Paw Citgo,109 Ampy Rd,Paw Paw,MI,49079-1320,269 6573032,Milk,MILK
70031,AGO #08 D Port Sheldon Citgo,2805 Port Sheldon,Hudsonville,MI,49426-1320,616 6690111,Milk,MILK
82500,AGO #09 D Hudsonville Citgo,4640  32nd Ave.,Hudsonville,MI,49426-1320,616 6628100,Milk,MILK
82510,AGO #10 I 94 Citgo,3176 Niles Rd,St Joseph,MI,49085-1320,269 4297320,Milk,MILK
82511,AGO #11 Downtown Citgo,220 N. Main St.,St Joseph,MI,49085-1320,269 9835521,Milk,MILK
82512,AGO #12 Southtown Citgo,2501 Niles Ave,St Joseph,MI,49085-1320,269 9836606,Milk,MILK
11577,AGO #13 D Ballpark Citgo,4558 West River Dr,Comstock Park,MI,49321-1320,616 7845647,Milk,MILK
82533,AGO #14 D Kentwood BP,6045 Kalamazoo SE,Kentwood,MI,49508-1320,,Milk,MILK
11575,AGO #15 D Fruitridge Citgo,3050 Fruitridge  NW,Walker,MI,49503-1320,616 7845881,Milk,MILK
11576,AGO #15 I/C Fruitridge Citgo,3050 Fruitridge,Walker,MI,49503-1320,,Serves Ice Cream,SERVES ICE CREAM
11601,AGO #16 Ten Mile Citgo,2770 10 Mile Rd NE,Rockford,MI,49341-1320,616 866-2158,Milk,MILK
11603,AGO #17 D Cascade Citgo,6820 Cascade Rd SE,Grand Rapids,MI,49546-1320,616 9426834,Milk,MILK
11605,AGO #18 D 84th St Citgo,284 84th St. SW,Byron Center,MI,49315-1320,616 878-4074,Milk,MILK
82513,AGO #19 Portage Citgo,7938 Oakland Ave.,Portage,MI,49024-1320,269 3292450,Milk,MILK
82514,AGO #20 Stadium Citgo,4710 Stadium Dr.,Kalamazoo,MI,49008-1320,269 375-4540,Milk,MILK
82503,AGO #21 Greenville Citgo,1325 W Washington,Greenville,MI,48838-1320,616 754-3070,Milk,MILK
82506,AGO #22 D M46 Citgo,20222 Edgar Rd,Howard City,MI,49329-1320,231 9375383,Milk,MILK
11629,AGO #23 I/C Stanton,707 E. Main St.,Stanton,MI,48888-1320,,Milk,MILK
82504,AGO #24 Carson City AGO,102 E Main St,Carson City,MI,48811-1320,989 5846054,Milk,MILK
11631,AGO #25 IC Sheridan AGO,7990 S Sheridan Rd,Sheridan,MI,48884-1320,,Milk,MILK
191543,AGO #25 Sheridan AGO,7990 S Sheridan Rd,Sheridan,MI,48884-1320,989 2913926,"Milk, Serves Ice Cream","MILK, SERVES ICE CREAM"
82505,AGO #26 D Howard City AGO,130 N Ensley,Howard City,MI,49329-1320,231 9374319,Milk,MILK
82535,AGO #27 Post Dr Citgo,1355 Post Dr.,Belmont,MI,49306-1320,616 784-5889,"Milk, Serves Ice Cream","MILK, SERVES ICE CREAM"
82502,AGO #28 D 28th St Citgo,5155 28th St SE,Grand Rapids,MI,49512-1320,616 285-5170,Milk,MILK
11580,AGO #30 Bella Vista Citgo,6051 Belding Rd,Rockford,MI,49341-1320,616 8747940,Milk,MILK
82509,AGO #31 Sunrise Citgo,7100 E. Fulton,Ada,MI,49301-1320,616 682-5921,"Milk, Serves Ice Cream","MILK, SERVES ICE CREAM"
82516,AGO #32 D 44th Street BP,4405 S. Division,Wyoming,MI,49509-1320,616 7242324,Milk,MILK
11582,AGO #33 Cottage Market Citgo,12795 Old 14 Mile Rd,Greenville,MI,48838-1320,616 225-1223,"Milk, Serves Ice Cream","MILK, SERVES ICE CREAM"
82517,AGO #34 D Eastown Citgo,1560 Lake Dr. SE,Grand Rapids,MI,49506-2704,616 742-9012,Milk,MILK
82518,AGO #35 Rockford Citgo,470 E. Division,Rockford,MI,49341-2704,616 866-5425,Milk,MILK
11588,AGO #36 D Alpine BP,3271 Alpine Ave. NW,Grand Rapids,MI,49544,616 6479341,Milk,MILK
82522,AGO #37 Sprinkle Road Citgo,7025 Sprinkle Rd.,Portage,MI,49002-2704,269 3291270,Milk,MILK
82521,AGO #38 D Avenue Citgo,5500 West D Ave.,Kalamazoo,MI,49009-2704,269 3452017,Milk,MILK
82519,AGO #39 9th Street Citgo,5233 S 9th Street,Kalamazoo,MI,49009-2704,269 3537545,Milk,MILK
11598,AGO #40 D Burton Citgo,800 Burton SW,Wyoming,MI,49508-2704,616 2465249,"Milk, Serves Ice Cream","MILK, SERVES ICE CREAM"
11597,AGO #41 D Coopersville Citgo,1169 W Randall,Coopersville,MI,49404-2704,616 8378416,Milk,MILK
11594,AGO #42 D Grandville BP,3935 28th St SW,Grandville,MI,49418-2704,616 532-4781,Milk,MILK
82536,AGO #43 Gowen,12091 18 Mile,Gowen,MI,49326-2704,616 984-5895,"Milk, Serves Ice Cream","MILK, SERVES ICE CREAM"
82537,AGO #44 Topp Stop AGO,8768 Belding Road,Rockford,MI,49341-2704,616 874-7244,"Milk, Serves Ice Cream","MILK, SERVES ICE CREAM"
11600,AGO #45 D-M-91 Citgo,1220 N Lafayette,Greenville,MI,48838-2704,616 225-3434,"Milk, Serves Ice Cream","MILK, SERVES ICE CREAM"
11612,AGO #45 IC-M-91 Citgo,1220 N Lafayette,Greenville,MI,48838-2704,616 225-3434,Serves Ice Cream,SERVES ICE CREAM
11609,AGO #46 D North Alpine Citgo,5960 Alpine Avenue NW,Comstock Park,MI,49321-2704,616 785-4731,Milk,MILK
11602,AGO #46 IC North Alpine Citgo,5960 Alpine Avenue NW,Comstock Park,MI,49321-2704,616 785-4731,Serves Ice Cream,SERVES ICE CREAM
11610,AGO #47 D 76th Street Citgo,250 76th Street SW,Kentwood,MI,49508-2704,616 827-2535,"Milk, Serves Ice Cream","MILK, SERVES ICE CREAM"
11613,AGO #48 D Lansing Citgo,4019 S Martin L King Blvd,Lansing,MI,48910-2704,517-393-2100,"Milk, Serves Ice Cream","MILK, SERVES ICE CREAM"
11611,AGO #49 D East 44th St Citgo,1920 44th Street SE,Kentwood,MI,49508-2704,616 827-2560,"Milk, Serves Ice Cream","MILK, SERVES ICE CREAM"
11616,AGO #50 D Wilson Leonard,1162 Wilson Ave,Grand Rapids,MI,49534,616-406-6676,"Milk, Serves Ice Cream","MILK, SERVES ICE CREAM"
11617,AGO #50 IC Wilson Leonard,1162 Wilson Ave,Grand Rapids,MI,49534,,Serves Ice Cream,SERVES ICE CREAM
82545,AGO #51 DeWitt,12997 Old U.S. 27,DeWitt,MI,48820,517-624-2101,Milk,MILK
82546,AGO #52 East Lansing,100 E Saginaw St,East Lansing,MI,48823,,"Milk, Serves Ice Cream","MILK, SERVES ICE CREAM"
82553,AGO #53 Russel Rd,232 E Bard Rd,Muskegon,MI,49445,231-766-3000,"Milk, Serves Ice Cream","MILK, SERVES ICE CREAM"
82554,AGO #54 Whitehall,1845 White Lake Dr,Whitehall,MI,49461,231-894-6100,"Milk, Serves Ice Cream","MILK, SERVES ICE CREAM"
82555,AGO #55 Fruitvale,4160 Fruitvale Rd,Montague,MI,49437,231-894-0801,"Milk, Serves Ice Cream","MILK, SERVES ICE CREAM"
82556,AGO #56 Ravenna,3445 S Maple Island Rd,Ravenna,MI,49451,231-375-0802,"Milk, Serves Ice Cream","MILK, SERVES ICE CREAM"
82557,AGO #57 New Era,4061 S Oceana Dr,New Era,MI,49446,231-559-0302,"Milk, Serves Ice Cream","MILK, SERVES ICE CREAM"
10042,AJ'S,Hill And Hollow Campground,Pentwater,MI,49449-4525,231 869-5811,"Sells Ice Cream, Milk","SELLS ICE CREAM, MILK"
10066,Ajooni Inc,2015 S M-33,West Branch,MI,48661,248-520-2312,Milk,MILK
10065,Aldea Coffee LLC,1537 S Getty St,Muskegon,MI,49440,616-843-0846,Milk,MILK
11521,"Alinosi, Inc",12748 E McNichols Rd,Detroit,MI,48205,313-527-3195,Serves Soft Serve,SERVES SOFT SERVE
190549,All About Discounts/Sugar&Ice,103 S Randolph St,Garrett,IN,46738,260-494-4351,Sells Ice Cream,SELLS ICE CREAM
10560,All American North Cntry St #1,17645 Tyrone Ave,Kent City,MI,49330-2902,616 675-5060,Milk,MILK
10561,All American North Cntry St #2,11764 N Division,Sparta,MI,49345-2902,616 887-0659,Milk,MILK
10562,All American North Cntry St #3,1596 E 88th Street,Newaygo,MI,49337-2902,231 652-4266,Milk,MILK
11010,Alma Expo Arco Inc.,639 Wright Ave,Alma,MI,48801,574-400-9434,Milk,MILK
11011,Alma Expo Inc.,802 E Superior St,Alma,MI,48801,574-400-9434,Milk,MILK
10159,Almont Pastry Shop,102 N Main St,Almont Township,MI,48003,810 798-2171,"Sells Ice Cream, Milk","SELLS ICE CREAM, MILK"
10088,Aloha Camp Store,1303 Main-Aloha,Cheboygan,MI,49721-1818,231 625-2552,Milk,MILK
10021,Alpine Chocolat Haus - Kitchen,505 S Wisconsin Ave,Gaylord,MI,49735,989-448-0682,Serves Soft Serve,SERVES SOFT SERVE
11533,American Undercar Inc,9963 E Stanton Rd,Crystal,MI,48818-9769,989 763-3591,Sells Ice Cream,SELLS ICE CREAM
130630,Amoco - Laddi Legacy,12495 E McKinley Hwy,Michawaka,IN,46545,574-252-5102,Milk,MILK
10262,Amway Grand Plaza,187 Monroe NW,Grand Rapids,MI,49503,616 7766443,Milk,MILK
10263,Amy's Kitchen Watervliet,134 N Main St.,Watervliet,MI,49098,269-876-1326,Serves Soft Serve,SERVES SOFT SERVE
10272,Anchor Coffee LLC,5160 N Hubbard Lake Rd,Spruce,MI,48762-1428,989 727-1090,Milk,MILK
21554,Anew Borculo Fuel,6398 96th Avenue,Zeeland,MI,49464-2704,616 748-1843,Milk,MILK
11871,Anna's House Northland,5488 Northland Dr NE,Grand Rapids,MI,49525,616-330-3310,Milk,MILK
11844,Apple Corner Store,2381 E Apple Ave,Muskegon,MI,49442,231-777-3090,"Milk, Serves Ice Cream","MILK, SERVES ICE CREAM"
10109,Arcadia Marine Inc,17073 6th St,Arcadia,MI,49613-1818,231 889-4555,"Milk, Serves Soft Serve","MILK, SERVES SOFT SERVE"
180532,Arrows Restaurant,4225 32nd Ave.,Hudsonville,MI,49426,616 896-0033,Milk,MILK
10122,Ashley Party Store,128 S Sterling,Ashley,MI,48806-1818,989 847-2474,Milk,MILK
11819,Ashton General Store,10989 210th Ave,Reed City,MI,49677,231-832-3310,"Milk, Serves Ice Cream","MILK, SERVES ICE CREAM"
11839,"Aunt Belle's Kitchen, LLC",8451 Belding Rd NE,Rockford,MI,49428,616-884-0767,Sells Ice Cream,SELLS ICE CREAM
182382,Aunt Tiffy's Market,5815 St. Clair Highway,China,MI,48054,810-329-9432,Sells Ice Cream,SELLS ICE CREAM
11850,Azucar Ice Cream Y Mas,8101 W Vernor,Detroit,MI,48209,313-656-9409,Serves Soft Serve,SERVES SOFT SERVE
22751,B-Town Party Store,3974 S. M-18,Beaverton,MI,48612-1428,989-289-4720,Milk,MILK
21700,B & C Dairy Freeze ( KEY #68 ),1443 M-89,Otsego,MI,49078-4308,269 806-9831,Serves Soft Serve,SERVES SOFT SERVE
21702,B & D Creamery,692 W Center,Essexville,MI,48732,989-316-2367,Serves Soft Serve,SERVES SOFT SERVE
21698,B&B Party Store I/C,509 Leonard,Grand Rapids,MI,49504-2902,616 454-4697,Milk,MILK
21512,Babe's Corner,331 South Washington Square,Lansing,MI,48933,517 939-9598,Sells Ice Cream,SELLS ICE CREAM
21885,Back 40 Grocery & Variety,17626 Frank Myers Rd,Cambridge City,IN,47327,765-238-5284,"Sells Ice Cream, Serves Ice Cream","SELLS ICE CREAM, SERVES ICE CREAM"
20417,Baldwin Quick Stop,711 N. Michigan Ave.,Baldwin,MI,49304-2902,231 745-9427,"Milk, Serves Ice Cream","MILK, SERVES ICE CREAM"
21498,Banana Boat - Corunna Rd.,3721 Corunna Rd.,Flint,MI,48432-6610,716 930-1531,Serves Soft Serve,SERVES SOFT SERVE
22705,Barden's Farm Market,1101 Pheonix St,South Haven,MI,49090-2902,269 2141546,"Milk, Serves Ice Cream","MILK, SERVES ICE CREAM"
22709,Baroda Soda LLC,8918 First Street,Baroda,MI,49101,616-633-2262,"Sells Ice Cream, Milk","SELLS ICE CREAM, MILK"
22710,Barton City General Store,1866 W Trask Lake Rd,Barton City,MI,48705-6610,989 736-8248,Milk,MILK
22735,Bartos,13321 Stark Rd,Livonia,MI,48150-9738,734 422-7725,"Milk, Serves Ice Cream, Serves Soft Serve","MILK, SERVES ICE CREAM, SERVES SOFT SERVE"
22736,Bartos,13321 Stark Rd,Livonia,MI,48150-9738,734 422-7725,"Milk, Serves Soft Serve","MILK, SERVES SOFT SERVE"
22737,Bartos,13321 Stark Rd,Livonia,MI,48150-9738,734 422-7725,"Sells Ice Cream, Milk, Serves Soft Serve","SELLS ICE CREAM, MILK, SERVES SOFT SERVE"
22738,Bartos,13321 Stark Rd,Livonia,MI,48150-9738,734 422-7725,"Milk, Serves Ice Cream","MILK, SERVES ICE CREAM"
42640,Bartos 2,13321 Stark Rd,Livonia,MI,48150-9738,734 422-7725,"Milk, Serves Ice Cream","MILK, SERVES ICE CREAM"
22734,Bartos 3,13321 Stark Rd,Livonia,MI,48150-9738,734 422-7725,"Sells Ice Cream, Milk, Serves Ice Cream","SELLS ICE CREAM, MILK, SERVES ICE CREAM"
22733,Bartos Distributing,13321 Stark Rd,Livonia,MI,48150-9738,734 422-7725,"Milk, Serves Soft Serve","MILK, SERVES SOFT SERVE"
22739,Bartos Rte 69,13321 Stark Rd,Livonia,MI,48150-9738,734-422-7725,Milk,MILK
22485,Beachplace ( KEY #92 ),2415 Ottawa Beach Road,Holland,MI,49424-4308,616 399-2939,"Milk, Serves Soft Serve","MILK, SERVES SOFT SERVE"
22492,Beal City Village Store,2988 W Beal City Road,Mt Pleasant,MI,48858-1818,989 644-2243,Milk,MILK
20023,Bear Lake Market,11740 Chippewa Hwy,Bear Lake,MI,49614-2206,231 864-4640,Milk,MILK
20033,Beards Country Store,11289 Silver Lake Rd,Byron,MI,48418-2902,810 266-5130,Milk,MILK
20027,Beechtree Party Store-Sunoco,540 S. Beech Street,Grand Haven,MI,49417-2902,616 414-9000,Milk,MILK
20420,Ben & Janie's,6035 US 223 Unit A,Addison,MI,49420-1320,567 298-8866,Serves Ice Cream,SERVES ICE CREAM
21275,Bent Tree Markets,58878 M-51 South,Dowagiac,MI,49047-2704,269 462-9734,Milk,MILK
212755,Berlin Fairy Dairy Group,18945 56th Ave,Coopersville,MI,49404,616-430-1258,Milk,MILK
20085,Besons Corner Store,1491 Huron Road,Linwood,MI,48634-6610,989 697-5915,Milk,MILK
21356,Bethany Beach Tab (KEY #10),12584 Oak Park Ave.,Sawyer,MI,49125-4308,224 234-8626,Sells Ice Cream,SELLS ICE CREAM
20059,Big Bend Family Campground,513 Conrad Rd,Standish,MI,48658,989-653-2267,Milk,MILK
21850,Big Dipper Wayland (KEY #42 ),145 W. Superior,Wayland,MI,49348-4308,269 792-6428,Serves Soft Serve,SERVES SOFT SERVE
21851,Big Happy's LLC,2638 S 148th Ave,Hesperia,MI,49421,231-373-9583,Serves Soft Serve,SERVES SOFT SERVE
21859,Big Oak BBQ,5233 S Straits Hwy,Indian River,MI,49749,231-420-2604,Serves Soft Serve,SERVES SOFT SERVE
20192,Big Star Scoops 'N' Treats LLC,2703 W 76th Street,Baldwin,MI,49304-4308,231 303-2979,Serves Soft Serve,SERVES SOFT SERVE
20214,Big Top Ice Cream Shop,1008 E Center,Ithaca,MI,48847-1320,989 302-1373,"Sells Ice Cream, Serves Soft Serve","SELLS ICE CREAM, SERVES SOFT SERVE"
20620,Biggby #1 ABM,300 W Grand Rivere Ave,East Lansing,MI,48823,517-332-1471,Milk,MILK
20181,Biggby #1026 Grand Haven,621 A Way,Grand Haven,MI,49417,616 607-2922,Milk,MILK
20154,Biggby #1035 Hudsonville,3743 Baldwin St,Hudsonville,MI,49426,616 325-4437,Milk,MILK
20116,Biggby #1037 Hamilton,3424 Lincoln Road,Hamilton,MI,49419,616-836-6563,Milk,MILK
20109,Biggby #1065 Richmond,67421 S Main Street,Richmond,MI,48062,586-822-1140,Milk,MILK
20121,Biggby #1081 Howard City,20055 W Edgar Rd,Howard City,MI,49329,231-937-1075,Milk,MILK
20268,Biggby #1090 Saginaw,3743 E Holland Rd,Saginaw,MI,48601,989-906-1819,Milk,MILK
20203,Biggby #1117 Mt. Morris,11360 N Saginaw St,Mt. Morris,MI,48458,810-547-1494,Milk,MILK
20807,Biggby #1124 Allegan,805 Marshall St,Allegan,MI,49010,269-895-5001,Milk,MILK
20177,Biggby #1127 Mishawaka,213 E McKinley,Mishawaka,IN,46545,(574) 217-7625,Milk,MILK
20810,Biggby #1138 Harrison,717 N 1st St,Harrison,MI,48625,989-630-0224,Milk,MILK
20202,Biggby #1142 Jackson,320 Brooklyn Rd,Jackson,MI,49201,517-414-7525,Milk,MILK
20813,Biggby #1178 Caro,3511 Mertz Rd,Caro,MI,48723,989-325-7003,Milk,MILK
20801,"Biggby #118 Threshold, Inc",8741 W Saginaw Hwy,Lansing,MI,48917,517-627-1168,Milk,MILK
20642,Biggby #122 ABM,2701 Woodville Rd,Northwood,OH,43619,,Milk,MILK
20350,Biggby #1226 Holland,660 Chicago Dr,Holland,MI,49423,616-396-1113,Milk,MILK
20353,Biggby #1227 Holland,1000 Washington Ave,Holland,MI,49423,616-294-3639,Milk,MILK
20360,Biggby #1228 Zeeland,501 West Main Ave,Zeeland,MI,49464,616-239-1334,Milk,MILK
20357,Biggby #1229 Holland,225 College Ave,Holland,MI,49423,616-499-6106,Milk,MILK
20359,Biggby #1230 Holland,12719 Riley St,Holland,MI,49424,616-344-2383,Milk,MILK
20156,Biggby #1235 Cadillac,1818 N. Mitchell,Cadillac,MI,49601-3080,231-444-6065,Milk,MILK
20804,Biggby #125 Home Ground Inc,13181 Schavey Rd,DeWitt,MI,48820,517-668-1418,Milk,MILK
20636,Biggby #127 ABM,6910 Airport Hwy Suite 1,Holland,OH,43609,,Milk,MILK
20637,Biggby #129 ABM,26567 N Dixie Hwy #133,Perrysburg,OH,43551,,Milk,MILK
20638,Biggby #130 ABM,4031 N McCord Rd,Sylvania,OH,43560,,Milk,MILK
20623,Biggby #140 ABM,1429 W Saginaw St #100,East Lansing,MI,,517-324-7007,Milk,MILK
20665,Biggby #143 Jackson,1025 N Wisner,Jackson,MI,49202,517-499-3055,Milk,MILK
20624,Biggby #151 ABM,4560 W Main St,Kalamazoo,MI,48823,269-552-9240,Milk,MILK
20635,Biggby #163 ABM,947 Trowbridge Rd,East Lansing,MI,48823,517-332-1471,Milk,MILK
20805,Biggby #170 A Doppelganger,1077 South US 27,St Johns,MI,48820,989-227-1300,Milk,MILK
20639,Biggby #195 ABM,1515 S Bryne Rd,Toledo,OH,43614,,Milk,MILK
20800,Biggby #214 Grand Ledge,820 Charlevoix Dr,Grand Ledge,MI,48837,517-666-1015,Milk,MILK
20802,"Biggby #215 Trophy Point, Inc",2002 W Saginaw Hwy,Lansing,MI,48917,517-484-1979,Milk,MILK
20625,Biggby #222 ABM,750 N Cedar St #100,Lansing,MI,48906,517-374-7444,Milk,MILK
20640,Biggby #223 ABM,4204 Sylvania Ave,Toledo,OH,43623,,Milk,MILK
20270,Biggby #244 Mason JE Coffee,661 N Cedar St,Mason,MI,,517-676-2280,Milk,MILK
20190,Biggby #266 Henry,3295 Henry St.,Muskegon,MI,49441,231 733-0320,Milk,MILK
20816,Biggby #324 Elkhart,195 County Rd 6 W,Elkhart,IN,46514,574-333-2010,Milk,MILK
20140,Biggby #333 Owosso,1475 E. Main St.,Owosso,MI,48867,989-720-2442,Milk,MILK
20705,Biggby #336 Atkinson,3093 S. Linden Rd.,Flint,MI,48507-3080,810 422-9443,Milk,MILK
20627,Biggby #342 ABM,1110 W. Michigan Ave,Marshall,MI,49068,269 781-4806,Milk,MILK
20110,Biggby #344 Kraft,2700 Kraft Ave SE,Grand Rapids,MI,49546,,Milk,MILK
20260,Biggby #345 Albion,217 E Michigan Ave,Albion,MI,49224,517-629-9800,Milk,MILK
20628,Biggby #349 ABM,500 E Michigan Ave #190,Lansing,MI,48912,517-374-1314,Milk,MILK
20111,Biggby #357 Caledonia,6426 100th St SE,Caledonia,MI,49316,,Milk,MILK
20108,Biggby #380 Lowell,11826 Fulton St,Lowell,MI,49331,616-987-3328,Milk,MILK
20629,Biggby #384 ABM,559 N Telegraph Ste 548,Monroe,MI,48161,734-344-7408,Milk,MILK
20630,Biggby #385 ABM,1602 Haslett Rd,Haslett,MI,48840,517-483-2771,Milk,MILK
20196,Biggby #391 Apple Ave.,1684 E. Apple Ave.,Muskegon,MI,49442,231-767-9201,Milk,MILK
20641,Biggby #395 ABM,7427 W Central Ave,Toledo,OH,43617,,Milk,MILK
20631,Biggby #396 ABM,3980 Platt Rd Ste A,Ann Arbor,MI,48108,734-368-9384,Milk,MILK
20632,Biggby #408 ABM,4230 S MLK Blvd,Lansing,MI,48910,517-708-0210,Milk,MILK
20112,Biggby #419 Wayland,1114 Superior St,Wayland,MI,49348,,Milk,MILK
20803,"Biggby #424 The Corps, Inc",6333 St Joseph Hwy,Lansing,MI,48917,517-203-5813,Milk,MILK
20361,Biggby #425 Spring Lake,510 W Savidge Rd,Spring Lake,MI,49456,616-827-7025,Milk,MILK
20155,Biggby #427 Sparta,275 S. State St.,Sparta,MI,49345,616 951-9254,Milk,MILK
20271,Biggby #438 Jackson JE Coffee,2896 Springport Rd,Jackson,MI,49201,517-795-2812,Milk,MILK
20174,Biggby #448 Battle Creek,1101 W. Columbia Ave.,Battle Creek,MI,49015,269 599-8488,Milk,MILK
20261,Biggby #452 Jackson,405 S Cooper St,Jackson,MI,49201,517-780-9558,Milk,MILK
20164,Biggby #454 Fremont,1231 West Main St,Fremont,MI,49412,616 325-4437,Milk,MILK
20183,Biggby #463 South Haven,343 Blue Star Hwy,South Haven,MI,49090,269 872-3938,Milk,MILK
20144,Biggby #464 Flushing,6429 W. Pierson Rd,Flushing,MI,48433,810-487-9653,Milk,MILK
20138,Biggby #467 Ludington,4551 West US Hwy 10,Ludington,MI,49431,616 325-4437,Milk,MILK
20666,Biggby #473 Jackson,2003 Horton Rd,Jackson,MI,49203,517-748-7310,Milk,MILK
20147,Biggby #480 Davison,709 S. State Rd,Davison,MI,48423,810-412-9014,Milk,MILK
20702,Biggby #488 Atkinson,5105 W. Vienna Rd.,Clio,MI,48420-1428,810 368-4155,Milk,MILK
20198,Biggby #491 Spring Arbor,7851 Spring Arbor Rd,Spring Arbor,MI,49283,517-414-7525,Milk,MILK
20200,Biggby #493 Greenville,12798 OLD 14 Mile Road,Greenville,MI,48838,616 835-6855,Milk,MILK
20622,Biggby #5 ABM,536 Elmwood Dr.,Lansing,MI,48917,517 321-4146,Milk,MILK
20117,Biggby #500 Elkhart,5230 Beck Dr,Elkhart,IN,46516,,Milk,MILK
20118,Biggby #501 Roseland,103 N Dixie Way,Roseland,IN,46637,,Milk,MILK
20187,Biggby #514 Coopersville,1145 W. Randall St,Coopersville,MI,49404,616 997-4020,Milk,MILK
20150,Biggby #517 Whitehall,1315 Colby Rd.,Whitehall,MI,49461,231 286-4741,Milk,MILK
20817,Biggby #518 Granger,308 W Cleveland Rd,Granger,IN,46530,574-855-3481,Milk,MILK
20184,Biggby #519 Saugatuck KEY #114,6432 Blue Star Hwy,Saugatuck,MI,49453,269 455-5582,Milk,MILK
20119,Biggby #523 Goshen,2010 Elkhart Rd,Goshen,IN,46526,,Milk,MILK
20180,Biggby #536 Muskegon,5169 Harvey St  Ste A,Norton Shores,MI,49444,231 733-0320,Milk,MILK
20175,Biggby #551 Kalamazoo,6556 W. Main,Kalamazoo,MI,49009,269 599-8488,Milk,MILK
20176,Biggby #555 Benton Harbon,1990 Mall Place,Benton Harbor,MI,49022,269 599-8488,Milk,MILK
20284,Biggby #564 Traverse City,13936 W Bayshore Dr,Traverse City,MI,49684,517-802-9890,Milk,MILK
20265,Biggby #565 Traverse City,748 Munson Ave Ste 3,Traverse City,MI,49686,231-642-5555,Milk,MILK
20262,Biggby #568 Eaton Rapids,1415 S Main St #D,Eaton Rapids,MI,48827,517-441-6096,Milk,MILK
20263,Biggby #571 Jonesville,503 E Chicago St,Jonesville,MI,49250,517-849-2600,Milk,MILK
20703,Biggby #583 Atkinson,4165 Morrish Rd.,Swartz Creek,MI,48473-3080,810 630-6074,Milk,MILK
20704,Biggby #600 Atkinson,2458 S. Center rd.,Burton,MI,48519-3080,810 407-6410,Milk,MILK
20193,Biggby #605 Lansing,6264 S Pennsylvania Ave,Lansing,MI,48911,517-574-4049,Milk,MILK
20194,Biggby #606 Holt,1850 Cedar St,Holt,MI,48842,517-709-3923,Milk,MILK
20185,Biggby #611 Stevensville,4933 Red Arrow Hwy,Stevensville,MI,49127,269 281-0301,Milk,MILK
20222,Biggby #614 Holton Rd KEY 103,1820 Holton Rd.,North Muskegon,MI,49445,231 735-7132,Milk,MILK
20275,Biggby #626 Clinton JMB Mngmnt,124 E Michigan Ave,Clinton,MI,49236,517-701-1212,Milk,MILK
20149,Biggby #635 Perry,2819 Lansing Rd,Perry,MI,48872,517-697-0990,Milk,MILK
20086,Biggby #655 Niles,2518 S 11th St.,Niles,MI,49120,269 423-2892,Milk,MILK
20272,Biggby #660 Jackson L&R Espres,1220 W Parnall,Jackson,MI,49201,517-395-4144,Milk,MILK
20199,Biggby #663 Jackson,1308 McDevitt,Jackson,MI,49203,517-414-7525,Milk,MILK
20266,Biggby #671 US 31 T.C.,4041 US 31 S,Traverse City,MI,49685,231-486-6179,Milk,MILK
20811,Biggby #682 - Coloma,6577 Paw Paw Ave,Coloma,MI,49038,616-490-2928,Milk,MILK
20264,Biggby #689 Ithaca,1244 E Center St,Ithaca,MI,48847,989-388-0007,Milk,MILK
20158,Biggby #692 Newaygo,176 W River Valley Drive,Newaygo,MI,49337,616-835-6855,Milk,MILK
20152,Biggby #693 Manistee,15 Caberfae Hwy,Manistee,MI,49660,231 425-4725,Milk,MILK
20701,Biggby #702 Atkinson,367 Lake Nepessing,Lapeer,MI,48446-1428,810 660-7612,Milk,MILK
20809,Biggby #705 Clare,10459 S Clare Ave,Clare,MI,48617,989-424-6244,Milk,MILK
20113,Biggby #708 Belding,9299 E Belding,Belding,MI,48809,616-244-3273,Milk,MILK
20273,Biggby #710 Leslie L&R Express,0 Bellevue,Leslie,MI,49251,,Milk,MILK
20137,Biggby #711 Cedar Springs,14111 White Creek Ave NE,Cedar Springs,MI,49319,231-375-8597,Milk,MILK
20139,Biggby #712 Owosso,1302 W. Main St,Owosso,MI,48867,989-720-5282,Milk,MILK
20267,Biggby #714 S Airport Rd T.C.,1100 W South Airport Rd,Traverse City,MI,49686,517-802-9890,Milk,MILK
20115,Biggby #773 Plainwell,1307 M-89 E,Plainwell,MI,49080,,Milk,MILK
20087,Biggby #783 Dowagiac,202 W. Prairie Ronde St.,Dowagiac,MI,49047,269 423-2892,Milk,MILK
20700,Biggby #774 Atkinson,3522 S. Lapeer Rd.,Metamora,MI,48455-1428,810 212-1066,Milk,MILK
20131,Biggby #778 Bridgman,10500 Red Arrow Hwy,Bridgman,MI,49106,269 930-1162,Milk,MILK
20649,Biggby #782 Berrien Springs,201 West Mars St.,Berrien Springs,MI,49103,269-473-6001,Milk,MILK
20087,Biggby #783 Dowagiac,202 W. Prairie Ronde St.,Dowagiac,MI,49047,269 423-2892,Milk,MILK
20274,Biggby #785 Jackson L&R Expres,1002 Cooper St,Jackson,MI,49202,517-315-4061,Milk,MILK
20189,Biggby #816 Hart,4220 W. Polk Rd,Hart,MI,49441,,Milk,MILK
20806,Biggby #817  Bhappy LLC,11858 Northland Dr NE,Rockford,MI,49341,616-439-3012,Milk,MILK
20269,Biggby #818 Lake City,5782 W Houghton Lake Rd,Lake City,MI,49651,231-295-1093,Milk,MILK
20172,Biggby #854 Cadillac,201 Teridee Blvd  Ste D,Cadillac,MI,49601-3080,616-481-3229,Milk,MILK
20634,Biggby #859 ABM,2250 Lake Lansing Rd Ste E,East Lansing,MI,48912,517-708-8618,Milk,MILK
21363,Bird Farm Meats Inc.,7237 104th Street,Howard City,MI,49329-2206,616 799-5616,Milk,MILK
21354,Black Bird Ice Cream,2902 Middleton Rd,Prescott,MI,48756-6610,989 343-1341,Sells Ice Cream,SELLS ICE CREAM
21472,Bliss Ice Cream,25380 Van Born Rd,Dearborn Heights,MI,48125-4308,248-378-6813,Serves Soft Serve,SERVES SOFT SERVE
21370,Blondie's Sweet Spot,125 N Otsego Avenue,Gaylord,MI,49735,989-470-9513,"Sells Ice Cream, Serves Soft Serve","SELLS ICE CREAM, SERVES SOFT SERVE"
21478,Blue Lake Fine Arts Camp,300 E. Crystal Lake Rd,Twin Lake,MI,49547-4525,231 894-1966,Milk,MILK
21486,Blue Moon,9032 Kasson St,Cedar,MI,49621-1818,231 866-0536,"Sells Ice Cream, Serves Soft Serve","SELLS ICE CREAM, SERVES SOFT SERVE"
21488,Blue Moon Ovid,9448 East M-21,Ovid,MI,48866-1320,517-712-6297,Serves Soft Serve,SERVES SOFT SERVE
21528,Bob's CountryStore,2103 Horton Rd,Jackson,MI,49203-1818,517 789-6500,"Sells Ice Cream, Milk","SELLS ICE CREAM, MILK"
21523,Bob-A-Lu Market,10010 Werth Road,Herron,MI,49744,989-727-2090,Milk,MILK
21563,Bombshell Treat bar,2688 Coolidge Hwy,Berkley,MI,48220-3080,248 930-6669,Serves Soft Serve,SERVES SOFT SERVE
21553,Borculo Express,6210 96th Ave,Zeeland,MI,49464-2902,616 875-8000,Milk,MILK
21558,"Borders Corner Store, Inc",7024 E. Pickard,Mt Pleasant,MI,48858-1818,989 772-4929,Milk,MILK
21552,Borland Gas and Grocery,4981 Northland Dr.,Morley,MI,49336-2902,231 856-8889,Milk,MILK
22420,Bouncing All Around,1805 E 11 Mile Rd.,Madison Heights,MI,48071-3080,586 745-4996,Serves Soft Serve,SERVES SOFT SERVE
22426,Bowerman's Downtown 8th Ave,4 E 8TH ST,Holland,MI,49423-4308,616 738-3099,Milk,MILK
22425,Bowerman Farm Market,15793 James St,Holland,MI,49424-4308,616 399-0567,"Milk, Serves Soft Serve","MILK, SERVES SOFT SERVE"
20352,Boyne Marathon,470 N Lake Street,Boyne City,MI,49712-2206,231 582-3605,Milk,MILK
130622,BP - MK11,1607 E McKinley,Mishawaka,IN,46545,574-225-4633,Milk,MILK
130628,BP - Noor Empire,14981 SR-23,Granger,IN,46530,574-243-1104,Milk,MILK
130624,BP - RL19,3627 McKinley Ave,South Bend,IN,46615,574-287-9926,Milk,MILK
130631,BP - SB21,72025 SR 15,New Paris,IN,46553,574-658-4854,Milk,MILK
20374,BP Hoosier To Go,6595 Albert S White Dr,Whitestown,IN,46075,317-209-5369,Milk,MILK
20153,Branch Grocery Store,9455 E US 10,Branch,MI,49402-2902,231 898-4626,"Sells Ice Cream, Milk, Serves Ice Cream, Serves Soft Serve","SELLS ICE CREAM, MILK, SERVES ICE CREAM, SERVES SOFT SERVE"
100792,Bricks At Campau Corner,6785 Whitneyville Road,Alto,MI,49302-4308,616 868-6845,Serves Soft Serve,SERVES SOFT SERVE
20114,Bridge St. Market CD Milk 660,613 Bridge St. NW,Grand Rapids,MI,49504-9738,,"Milk, Serves Ice Cream","MILK, SERVES ICE CREAM"
20205,Bridge Street Market,613 Bridge St. NW,Grand Rapids,MI,49504-2206,,"Milk, Serves Ice Cream","MILK, SERVES ICE CREAM"
20201,Brinks Ice Cream Exprs(KEY #86,137 E. Main,Caledonia,MI,49316-4308,616 891-1301,"Milk, Serves Soft Serve","MILK, SERVES SOFT SERVE"
22295,Broadmoor Convenience Store,6773 Broadmoor Ave.,Caledonia,MI,49316-2902,616 512-4963,Milk,MILK
22452,Brookside Disc Grocery,3701 West 72nd St,Newaygo,MI,49337-2206,231 924-9118,"Milk, Serves Ice Cream","MILK, SERVES ICE CREAM"
22753,Bubble Shack LLC,209 E. Walled Lake Dr,Walled Lake,MI,48390-4308,248 904-2716,Serves Soft Serve,SERVES SOFT SERVE
22760,Buchan's Blueberry Hill,1472 Nelson Rd,Traverse City,MI,49686-1818,231 649-0844,Serves Soft Serve,SERVES SOFT SERVE
22724,Buchan's West Bay,13000 S West Bay Shore Dr,Traverse City,MI,49684-1818,231 649-0844,Serves Soft Serve,SERVES SOFT SERVE
22761,Buk's Party Store,106 N Main St,Ovid,MI,48866-1818,989 834-5803,Milk,MILK
20197,Buoy 18,960 E. Midland St,Bay City,MI,48706-1428,989 274-7041,Milk,MILK
22759,Burlingame Dip,3555 Burlingame SW,Wyoming,MI,49509-4308,609 816-2574,Serves Soft Serve,SERVES SOFT SERVE
20720,Burton Meat Farm,435 Burton SW,Grand Rapids,MI,49507-2902,616 243-7018,Milk,MILK
20714,Busy Bee market,10747 M-32 East,Johannesburg,MI,48791-6610,989 732-5556,"Milk, Serves Ice Cream","MILK, SERVES ICE CREAM"
31726,C-Store Portage,1800 W Milham Ave,Portage,MI,49024,269-965-4430,"Milk, Serves Ice Cream","MILK, SERVES ICE CREAM"
30671,Cabanas,512 Broad Street,St Joseph,MI,49085-4308,269 277-1553,Sells Ice Cream,SELLS ICE CREAM
10115,Cafecito Caliente,314 E. Cesar Chavez Ave.,Lansing,MI,48906-4308,517 303-7001,Serves Soft Serve,SERVES SOFT SERVE
31854,Cairn's Country Cones (KEY #25,1230 Greenville Rd,Stanton,MI,48888-4308,989 304-1839,Serves Soft Serve,SERVES SOFT SERVE
31593,Camp AO-WA-KIYA,8401 W. Thomas,Shelby,MI,49455-4525,231 861-2466,"Sells Ice Cream, Milk","SELLS ICE CREAM, MILK"
31596,Camp Henry,5575 S Gordon Ave,Newaygo,MI,49337,616-717-5568,Sells Ice Cream,SELLS ICE CREAM
30126,Cannonsburg Grist Mill,8000 Cannonsburg Road,Cannonsburg,MI,49317-2902,616 874-6200,Milk,MILK
30121,Capital City Sweets LLC,3112 E Michigan Avenue,Lansing,MI,48912,517-296-6997,"Sells Ice Cream, Serves Soft Serve","SELLS ICE CREAM, SERVES SOFT SERVE"
31685,Captain Custard,211 S. Harbor Drive,Grand Haven,MI,49417-4308,616 502-3222,Serves Soft Serve,SERVES SOFT SERVE
32493,Carp Lake General Store,6420 E Gill Rd,Carp Lake,MI,49718-1818,231 218-8881,Milk,MILK
131875,Carsonville Dairy,4155 Snover Rd,Carsonville,MI,48419,810-376-6006,Milk,MILK
30177,Cascades Ice Cream Co,1800 S. Brown St,Jackson,MI,49203-1320,517 499-6617,Serves Soft Serve,SERVES SOFT SERVE
30116,Caseville Family Market,6730 Main Street,Caseville,MI,48725-9725,989 856-2802,"Milk, Serves Ice Cream","MILK, SERVES ICE CREAM"
30118,Caseville Mkt IC,6730 Main Street,Caseville,MI,48725-9725,989 856-2802,"Milk, Serves Ice Cream","MILK, SERVES ICE CREAM"
42000,Cash & Carry,5850 Balsam Dr.,Hudsonville,MI,49426-0066,000 0000000,"Sells Ice Cream, Milk, Serves Soft Serve","SELLS ICE CREAM, MILK, SERVES SOFT SERVE"
31250,Cass City Liquor Store LLC,6614 Main St,Cass City,MI,48726-1428,989-872-4600,Milk,MILK
31036,Cathy's Homemade Goodies,30910 Harper,St Clair Shores,MI,48082-4308,586-242-0455,Serves Soft Serve,SERVES SOFT SERVE
30095,CB Trading Post,6457 S Croton Hardy Dr,Newaygo,MI,49337-2902,231 652-2250,"Milk, Serves Ice Cream, Serves Soft Serve","MILK, SERVES ICE CREAM, SERVES SOFT SERVE"
31720,Cedar Lake Grocery,3448 N US 23,Greenbush,MI,48738-6610,989 739-9812,Milk,MILK
30162,Chapbook Cafe-Schuler's GR,2660 28th St,Grand Rapids,MI,49512,616-942-0595,Milk,MILK
30164,Chapbook Cafe-Schuler's Okemos,1982 W Grand River Ave,Okemos,MI,48823,(517) 349-7326,Milk,MILK
30161,Chappel Dam Grocery,4001 Pratt Lake Road,Gladwin,MI,48624-1428,989 274-3759,"Milk, Serves Ice Cream","MILK, SERVES ICE CREAM"
30167,Charley's Ice Cream,14680 Lincoln Lake Ave,Gowen,MI,49326-4308,616 401-4394,"Milk, Serves Soft Serve","MILK, SERVES SOFT SERVE"
30080,Cheema Pump & Pantry,2110 Evanston,Muskegon,MI,49442-2902,231-760-7141,"Milk, Serves Ice Cream","MILK, SERVES ICE CREAM"
32533,Cherri's Chocol'Art LLC KEY#32,101 S. Kalamazoo Mall,Kalamazoo,MI,49007-4308,269 998-7339,Sells Ice Cream,SELLS ICE CREAM
32528,Cherry Hill Supermarket,424 N. State St.,Shelby,MI,49455-9738,231 861-4076,"Milk, Serves Ice Cream","MILK, SERVES ICE CREAM"
32534,Cherry Republic,9896 W. Fisher St.,Empire,MI,49630-1818,,Serves Soft Serve,SERVES SOFT SERVE
30173,Chicken Express,3478 Calkins Rd,Flint,MI,48532,810-259-2556,Serves Soft Serve,SERVES SOFT SERVE
30975,Chill'N Parrot,2250 East Main,Owosso,MI,48867,989-277-7383,"Sells Ice Cream, Serves Soft Serve","SELLS ICE CREAM, SERVES SOFT SERVE"
30971,Chillz Delights (KEY #119),902 SR 114 W,N Manchester,IN,46962-4308,260 982-9373,"Milk, Serves Soft Serve","MILK, SERVES SOFT SERVE"
30676,Chillz Fort Wayne,5930A West Jefferson Blvd,Fort Wayne,IN,46962,260-578-8878,Milk,MILK
30977,Choco Mania Cafe-Birmingham,280 E Merrill St,Birmingham,MI,48009,586-804-1955,Serves Soft Serve,SERVES SOFT SERVE
30970,Choco Mania Cafe,44621 Mound Rd,Sterling Heights,MI,48314,586-804-1955,Serves Soft Serve,SERVES SOFT SERVE
30972,Chocolate Moose,116 E Bridge,Portland,MI,48875-1320,734 787-0514,Serves Soft Serve,SERVES SOFT SERVE
30109,Christos Family Dining,2227 North Michigan St,Plymouth,IN,46563,574-935-5100,Sells Ice Cream,SELLS ICE CREAM
32509,Cindy's Donuts And Ice Cream,4020 28th Street SE,Kentwood,MI,49512-4308,616 2598295,Milk,MILK
130621,Citgo - TEJ28,1033 N Bendix Dr,South Bend,IN,46628,574-931-2153,Milk,MILK
32890,Citgo Sunrise Travel Center,5665 N US 23,Oscoda,MI,48750-6610,989 739-0700,Milk,MILK
20344,Clarksville Feed Store,401 S. Main Street,Clarksville,MI,48815-1818,616 427-5196,Serves Ice Cream,SERVES ICE CREAM
30731,Clear Lake Party Store,2224 Clear Lake,West Branch,MI,48661-2902,989 345-5193,Sells Ice Cream,SELLS ICE CREAM
30733,Clem's Market,1196 Shetter Rd,Muskegon,MI,49444-2902,231 375-8162,Milk,MILK
30810,Cobb's Cones LLC,JKC State Park,Traverse City,MI,49685-1818,231-735-4020,Serves Soft Serve,SERVES SOFT SERVE
30815,CoCoJo's A Zoomers RV Resort,4115 S 700 E,Lagro,IN,46941,260-571-6884,Sells Ice Cream,SELLS ICE CREAM
30822,Coffee & Toffee,47053 Hayes Road,Shelby Township,MI,48315-1428,586 580-2953,Sells Ice Cream,SELLS ICE CREAM
30819,Colby's Cafe & Brew LLC,3311 E Colby St  Ste A,Whitehall,MI,49461-2902,231 894-0140,Milk,MILK
30817,Coley Central Vending,1205 North Fancher Ave,Mt Pleasant,MI,48858-1818,810 241-2739,Milk,MILK
30246,Coloma Dairy Corner,141 East Saint Joseph St,Coloma,MI,49038,630-487-1404,Serves Soft Serve,SERVES SOFT SERVE
70206,Cone Corral,509 Arlington,Middleville,MI,49333-4308,616 914-0972,Serves Soft Serve,SERVES SOFT SERVE
30284,Cone Lickers,6184 E M-115 Suite 114,Cadillac,MI,49601,616 460-8652,Milk,MILK
30285,Cone Palace,55 W 300 S,Kokomo,IN,46902,765-453-4470,Serves Soft Serve,SERVES SOFT SERVE
30215,Cone Zone,300 N. Water St,Owosso,MI,48867-6610,989 666-3932,Milk,MILK
30211,Coney Cone,8145 Rapid City Rd NW,Rapid City,MI,49676,231-331-6792,Milk,MILK
30216,Coneyland  (KEY #106 ),1960 Whitehall Rd,Muskegon,MI,49441-4308,231 557-1690,Serves Soft Serve,SERVES SOFT SERVE
190152,Conlee Oil - #8,12018 Liberty St.,Clio,MI,48420-1428,810 686-2033,Milk,MILK
30252,Conlee Oil - Birch Run,9180 Birch Run Rd.,Birch Run,MI,48415-1428,989-624-5941,Milk,MILK
30251,Conlee Oil - Clio,4514 W Viena R.,Clio,MI,48420-1428,810 687-6230,Milk,MILK
30256,Conlee Oil - Downtown Clio,815 S. Mill St.,Clio,MI,48420-1428,810 685-5600,Milk,MILK
30253,Conlee Oil - Frankenmuth,1015 S. Main St.,Frankenmuth,MI,48734-1428,810 685-5600,Milk,MILK
30255,Conlee Oil - Montrose,110 State Rd.,Montrose,MI,48457-1428,810 685-5600,Milk,MILK
30254,Conlee Oil - Otisville,213 North State Rd.,Otisville,MI,48463-1428,810 685-5600,Milk,MILK
30395,Converse Big Dipper,104 S Jefferson St,Converse,IN,46919,765-395-1331,"Sells Ice Cream, Serves Soft Serve","SELLS ICE CREAM, SERVES SOFT SERVE"
30416,Cookies 'n Cream LLC,"1025 W Main St, Suite 1051",Fremont,MI,49412,231-769-6278,Serves Soft Serve,SERVES SOFT SERVE
30414,Cookies & Cream,20 Front St,Lake Orion,MI,48362-1428,248 475-2256,Sells Ice Cream,SELLS ICE CREAM
32564,Coopersville Creamery,303 Main Street,Coopersville,MI,49404,517-290-4947,"Sells Ice Cream, Serves Soft Serve","SELLS ICE CREAM, SERVES SOFT SERVE"
32563,Copemish Kitchen & Coffee,18571 Cadillac Hwy,Copemish,MI,49625,231-434-9923,Sells Ice Cream,SELLS ICE CREAM
30830,Cops & Robbers - Birch Run,"12158 S Beyer Rd, Ste V009B",Birch Run,MI,48433,317-201-8806,"Sells Ice Cream, Milk, Serves Ice Cream, Serves Soft Serve","SELLS ICE CREAM, MILK, SERVES ICE CREAM, SERVES SOFT SERVE"
30827,Cops And Robbers - Paddy Wagon,5154 Flushing Rd,Flushing,MI,48433-4308,810 202-1001,"Sells Ice Cream, Serves Ice Cream","SELLS ICE CREAM, SERVES ICE CREAM"
30824,Cops And Robbers -Great Escape,5154 Flushing Rd,Flushing,MI,48433-4308,810 202-1001,"Sells Ice Cream, Milk, Serves Ice Cream, Serves Soft Serve","SELLS ICE CREAM, MILK, SERVES ICE CREAM, SERVES SOFT SERVE"
30826,Cops and Robbers,323 E Main Street,Flushing,MI,48433-4308,810 202-1001,"Sells Ice Cream, Milk, Serves Ice Cream, Serves Soft Serve","SELLS ICE CREAM, MILK, SERVES ICE CREAM, SERVES SOFT SERVE"
30825,Cops And Robbers Caboose,287 E State St,Montrose,MI,48457-6610,810 202-1001,"Sells Ice Cream, Milk, Serves Ice Cream, Serves Soft Serve","SELLS ICE CREAM, MILK, SERVES ICE CREAM, SERVES SOFT SERVE"
30991,Corner House,1280 N. M-18,Gladwin,MI,48624-6610,989 329-2094,Milk,MILK
31005,Corner Stop Ice Cream (KEY #89,11998 Fulton Street,Lowell,MI,49331-4308,616 490-3033,Serves Soft Serve,SERVES SOFT SERVE
31051,Cosmic Candy Company,168 S. Hancock St,Pentwater,MI,49449-9613,616 293-4859,Sells Ice Cream,SELLS ICE CREAM
31053,Cotants Farm Market (KEY #69 ),2500 South M-37,Hastings,MI,49058-4308,269 945-4180,Serves Soft Serve,SERVES SOFT SERVE
31054,Cottage Creamery,5317 N. Saginaw Rd,Midland,MI,48640-6610,989 615-1915,Serves Soft Serve,SERVES SOFT SERVE
31162,Country Corner Ice Cream,2020 N. Mission Rd,Mt Pleasant,MI,48858-1818,989 433-8200,Milk,MILK
31161,Country Corner Market,2020 N. Mission Rd,Mt Pleasant,MI,48858-1818,989 433-8200,"Milk, Serves Ice Cream","MILK, SERVES ICE CREAM"
31614,Country Dairy,3476 80th Ave,New Era,MI,49446-0066,800 2437280,"Sells Ice Cream, Milk, Serves Soft Serve","SELLS ICE CREAM, MILK, SERVES SOFT SERVE"
31615,Country Dairy Farm Store Inc.,3476 80th Ave,New Era,MI,49446-0066,800 2437280,"Sells Ice Cream, Milk, Serves Ice Cream, Serves Soft Serve","SELLS ICE CREAM, MILK, SERVES ICE CREAM, SERVES SOFT SERVE"
30181,Country Market,2236 Imlay City Rd,Lapeer,MI,48446-2902,810 664-2240,Milk,MILK
31163,Country Store,1101 E. State,St Johns,MI,48879-1818,989 224-6868,Milk,MILK
30210,Country Sundae LLC,6481 28th Ave,Hudsonville,MI,49426-4308,616 481-6969,Serves Soft Serve,SERVES SOFT SERVE
30179,County Fair Market,22828 DeQuindre,Warren,MI,48091-2902,586 755-7630,Milk,MILK
31055,County Fair Store,415 W Main St,Hale,MI,48739,989-728-7631,Milk,MILK
31672,Covert Park Beach  & Campgrnd,80559 32nd Ave,Covert,MI,49043-4525,269-764-1421,Milk,MILK
31676,Covert/South Haven KOA,39397 M-140 Hwy,Covert,MI,49043-4525,269 764-0818,Milk,MILK
31677,Cow Licks L.  Farm (KEY #91 ),6051 Belding Dr,Rockford,MI,49341-4308,616 822-0101,Serves Soft Serve,SERVES SOFT SERVE
30681,Creative Dining-Kettering Univ,1700 University Ave,Flint,MI,48504-9725,989 284-9912,Milk,MILK
30673,Creative Dining - Commons,1835 Knollcrest Circle,Grand Rapids,MI,49546-3080,616-526-6939,Serves Soft Serve,SERVES SOFT SERVE
30684,Creative Dining -MSU FCU HQ1,3777 West Road,East Lansing,MI,48823,517-490-4192,Milk,MILK
30680,Creative Dining AO South,619 S Campus Dr,Lansing,MI,48917-1818,517 712-7132,Milk,MILK
30677,Creative Dining Serv-Auto,6101 Ana Capri Blvd,Lansing,MI,48917-1818,517 323-1495,Milk,MILK
30678,Creative Dining Serv-Farm Bur,7373 West Saginaw Hwy,Lansing,MI,48917-1818,517 323-6602,Milk,MILK
30679,Creative Dining Serv-Jackson,1 Corporate Way  (JACKSON N),Lansing,MI,48951-1818,517 367-4496,Milk,MILK
31158,Crossroads Blueberry Market,14315 Lake Michigan Dr,West Olive,MI,49460-0066,616 638-8256,Serves Soft Serve,SERVES SOFT SERVE
31157,Crossroads Market,800 S. Chipman,Owosso,MI,48867-2206,989 2776665,Milk,MILK
31392,Curley Cone Hastings (KEY #85),505 West Apple,Hastings,MI,49058-4308,312 961-8657,Serves Soft Serve,SERVES SOFT SERVE
31391,Curley Cone Wayland,12854 M-79 Hwy,Wayland,MI,49348-4308,269-225-9459,"Sells Ice Cream, Serves Soft Serve","SELLS ICE CREAM, SERVES SOFT SERVE"
31390,Currie's BP,620 Maple,Big Rapids,MI,49307-2902,231 796-5351,"Milk, Serves Ice Cream","MILK, SERVES ICE CREAM"
32578,Custard By The Dam ( KEY #80 ),25 Squires Street,Rockford,MI,49341-4308,616 350-4391,Milk,MILK
40085,CV Kwik Mart LLC,3038 N Kings Highway,Luther,MI,49656-2902,231 797-5411,Milk,MILK
42674,D Ave Fuel Plaza,5118 West D Ave,Kalamazoo,MI,49001-2902,269 383-4434,Milk,MILK
40127,D&W 1591 Knapp Milk,2022 Apple Orchard Ave. NE,Grand Rapids,MI,49525-2206,616 3612872,Milk,MILK
42003,Daily Deals,740 Lamoreaux Dr,Comstock Park,MI,49321,616-419-3893,Milk,MILK
42004,Daily Deals,5487 Division Ave,Grand Rapids,MI,49458,616-323-1200,Milk,MILK
42006,Daily Deals,300 S Greenville W Dr,Greenville,MI,48838,616-248-5330,Milk,MILK
42007,Daily Deals,4965 Lake Michigan Dr,Allendale,MI,49401,312-618-5002,Milk,MILK
42009,Daily Deals,1755 E Sherman Blvd,Muskegon,MI,49444,,Milk,MILK
40234,Dairy Ace,124 WEST 8th Street,Mio,MI,48647-1818,989 826-3000,Serves Soft Serve,SERVES SOFT SERVE
40208,Dairy Dan,7035 S. Cedar,Lansing,MI,48933-4308,517 202-6710,"Milk, Serves Soft Serve","MILK, SERVES SOFT SERVE"
40228,Dairy Dayz (KEY # 45 ),6473 Blue Star Hwy,Saugatuck,MI,49451-4308,616 218-5742,"Sells Ice Cream, Serves Soft Serve","SELLS ICE CREAM, SERVES SOFT SERVE"
40214,Dairy De-Lite ( KEY #77 ),3950 West River Dr,Comstock Park,MI,49321-4308,616 485-7995,Serves Soft Serve,SERVES SOFT SERVE
40211,Dairy Depot,534 S Chestnut St,Reed City,MI,49677-4308,231 832-5854,Serves Soft Serve,SERVES SOFT SERVE
40202,Dairy Dip-Sandy Pines(KEY #65),2745 - 136th Ave,Hopkins,MI,49328-4308,616-896-8315,"Sells Ice Cream, Serves Soft Serve","SELLS ICE CREAM, SERVES SOFT SERVE"
40210,Dairy Firm (KRAFT),12095 E Curtis Rd,Frankenmuth,MI,48734-6610,989 798-2478,Serves Soft Serve,SERVES SOFT SERVE
40207,Dairy Hill,601 E. Ash,Mason,MI,48854-4308,517 676-4193,Serves Soft Serve,SERVES SOFT SERVE
41335,Dairy Phil,1131 N Mcewan St,Clare,MI,48617-6610,989 802-0755,"Sells Ice Cream, Milk, Serves Soft Serve","SELLS ICE CREAM, MILK, SERVES SOFT SERVE"
41600,Dairy Ranch (KEY #38 ),1717 142nd Ave,Dorr,MI,49323-4308,616 681-9732,"Milk, Serves Soft Serve","MILK, SERVES SOFT SERVE"
41606,Dairy Treat - GH,218 S. Harbor,Grand Haven,MI,49417-4308,616 846-2470,"Sells Ice Cream, Serves Soft Serve","SELLS ICE CREAM, SERVES SOFT SERVE"
41605,Dairy Twist Cafe,2660 Benstein Rd,Walled Lake,MI,48390-4308,248 470-4402,Sells Ice Cream,SELLS ICE CREAM
41609,Dairy Zone,2264 M-119,Petoskey,MI,49770-4308,231 330-0970,Serves Soft Serve,SERVES SOFT SERVE
40226,Dalzell Dairy,403 N St. Joseph St,Suttons Bay,MI,49682,269-788-2296,Milk,MILK
41470,Danny's Diner,422 S. Main St,Middlebury,IN,46540,574 825-2565,Serves Soft Serve,SERVES SOFT SERVE
41468,Dansville Gas and More,978 Jackson St,Dansville,MI,48819-2902,646 824-1289,Milk,MILK
40242,Dave's Party Store,408 Wood St,Hart,MI,49420-2902,231 8732620,Milk,MILK
41860,De Vor Dairy Farm & Creamery,5436 Tyler Rd SE,Kalkaska,MI,49646-6610,586 854-6255,Serves Soft Serve,SERVES SOFT SERVE
41434,Deangelos Pizzeria (KEY #113),94 S Emmons St,Denver,IN,46926,765 985-3126,Serves Soft Serve,SERVES SOFT SERVE
41450,DeGrandchamp Farms,76241 14th Ave,South Haven,MI,49090-4308,269 637-3915,"Sells Ice Cream, Milk, Serves Soft Serve","SELLS ICE CREAM, MILK, SERVES SOFT SERVE"
41451,Delski's Meats,1760 44th Street Southwest,Wyoming,MI,49519,616-301-6949,Milk,MILK
41800,Derminer's Parkside Market,7131 OLD 27,Gaylord,MI,49735-6610,989 705-7051,Milk,MILK
41823,Des Cakes and Ice Cream,49 N Bridge St,Saranac,MI,48881-4525,616-514-7288,"Sells Ice Cream, Serves Soft Serve","SELLS ICE CREAM, SERVES SOFT SERVE"
41853,Detroit Cookie Co. - East,25600 Harper Ave.,St Clair Shores,MI,48081-4308,586 435-6937,Milk,MILK
41837,Detroit Cookie Co. - Ferndale,23421 Woodward Ave.,Ferndale,MI,48220,734 277-4122,Milk,MILK
41838,Detroit Scoops,2392 Orchard Ln,White Lake,MI,48386,586-876-6976,Serves Soft Serve,SERVES SOFT SERVE
70507,DeWitt Golf Center,11890  US 27,DeWitt,MI,48820-1320,517 669-9829,Serves Soft Serve,SERVES SOFT SERVE
200668,Dewitt Party Store,129 S Bridge Street,DeWitt,MI,48820-1818,517 669-6745,"Milk, Serves Ice Cream","MILK, SERVES ICE CREAM"
40086,"Diesel Man, Inc",4647 W Columbia Ave,Battle Creek,MI,49015,347-653-4151,Milk,MILK
41109,DJ's Bakery,3031 Packard St,Ann Arbor,MI,48108-4308,734 369-2068,Milk,MILK
40420,"Doc's New Boston, LLC",37337 Huron River Drive,New Boston,MI,48164-0011,313 712-6754,Sells Ice Cream,SELLS ICE CREAM
131400,Doctor Depot,4668 N Bailey Rd,Coral,MI,49322-1695,231 354-6770,Milk,MILK
42195,Doordash Det-1 Ferndale,1008 Orchard Ave,Ferndale,MI,48220,(628) 302-7242,Milk,MILK
42196,Doordash Det-10 Canton,6111 N Canton Center Rd,Canton,MI,48187,(628) 302-7305,Milk,MILK
42198,Doordash Det-3 Sterling Hgts,6975 19 Mile Rd,Sterling Heights,MI,48314,(628) 302-7271,Milk,MILK
42200,Doordash Det-6 Roseville,26449 Gratiot Ave,Roseville,MI,48066,(628) 302-7306,"Milk, Serves Ice Cream","MILK, SERVES ICE CREAM"
42201,Doordash Det-7 Southgate,15431 Dix Toledo,Southgate,MI,48195,(628) 302-7280,"Milk, Serves Ice Cream","MILK, SERVES ICE CREAM"
42209,Doordash Grr-1 Wyoming,3685 Hagan Dr SE,Wyoming,MI,49548-2206,(628) 302-7186,Milk,MILK
42211,Doordash Kzo-1 Kalamazoo,1157 Bank St,Kalamazoo,MI,49901-2206,(628) 302-7249,Milk,MILK
42202,Doordash Lan-1 Lansing,3315 E Michigan,Lansing,MI,48912,(628) 302-7312,"Milk, Serves Ice Cream","MILK, SERVES ICE CREAM"
42226,Doozie's Ice Cream,1310 E. Pickard,Mt Pleasant,MI,48858-1320,989 772-2332,Sells Ice Cream,SELLS ICE CREAM
42235,Dore's  - Kawkawlin,2515 S Huron Road,Kawkawlin,MI,48631-1428,989 667-5772,Milk,MILK
42225,Dore's Dutch Village,2525 Euclid Ave,Bay City,MI,48706-1695,989 225-4072,Milk,MILK
42233,Dore's Stores - Alger,2003 M-33,Alger,MI,48610-1428,989 836-2521,Milk,MILK
42230,Dore's Stores - Bay City,6183 West Side Saginaw Rd,Bay City,MI,48706-1428,989 684-1141,Milk,MILK
42232,Dore's Stores - Bay City,510 N Tuscola,Bay City,MI,48708-1428,989 893-3948,Milk,MILK
42238,Dore's Stores - Gladwin,1179 E Cedar Avenue,Gladwin,MI,48624-1428,989 426-6625,Milk,MILK
42228,Dore's Stores - Kawkawlin,825 E Beaver Road,Kawkawlin,MI,48631-1428,989 684-0311,Milk,MILK
42229,Dore's Stores - Linwood,874 E Linwood Road,Linwood,MI,48634-1428,989 697-5814,Milk,MILK
42236,Dore's Stores - Omer,19 E US-23,Omer,MI,48749-1428,989 876-0197,Milk,MILK
42231,Dore's Stores - Standish,5353 M-61,Standish,MI,48658-1428,989 846-9756,Milk,MILK
42239,Dore's Stores - Tawas City,1250 US-23,Tawas City,MI,48763-1428,989 984-5035,Milk,MILK
42237,Dore's Stores - Whittemore,3013 S M-65,Whittemore,MI,48770-1428,989 756-4252,Milk,MILK
42240,Dore Oil-Nester Creek #17,4971 E M55,Prescott,MI,48756-6610,989-873-3333,"Milk, Serves Ice Cream","MILK, SERVES ICE CREAM"
42622,Double D Dairy Bar (KEY #112),601 State St,Melrose,OH,45861,419-594-2378,Serves Soft Serve,SERVES SOFT SERVE
42626,Double Dip Depot (KEY #20 ),3284 Rememberance  NW,Grand Rapids,MI,49534-0011,616 558-7866,Milk,MILK
42638,Double JJ Back 40,3180 West Wilke Rd,Rothbury,MI,49452-0011,231 301-2428,"Sells Ice Cream, Milk","SELLS ICE CREAM, MILK"
42637,Double JJ Resort I/C,5900 Water Rd,Rothbury,MI,49452-0011,231 301-2428,"Sells Ice Cream, Milk","SELLS ICE CREAM, MILK"
42634,"Downtown Candy Store, LLC",112 W Market St,Warsaw,IN,46580,574-377-9666,Sells Ice Cream,SELLS ICE CREAM
42676,Dreyer's Farm Market,7212 Port Sheldon,Hudsonville,MI,49426-2206,616 292-5925,Milk,MILK
42410,Duck Creek RV Resort,1155 W Riley Thompson Rd,Muskegon,MI,49445-4525,231 766-3646,"Milk, Serves Soft Serve","MILK, SERVES SOFT SERVE"
42411,Duck Lake General Store,26497 Anderson Rd,Albion,MI,49224,517-629-5013,"Milk, Serves Ice Cream","MILK, SERVES ICE CREAM"
42440,Dumont Lake Party Store,2498 30th St,Allegan,MI,49010-2902,269 673-9575,Milk,MILK
42426,Dune Grass Concessions,8960 W. Park Rd.,Ludington,MI,49431-0011,231 843-1888,"Sells Ice Cream, Milk","SELLS ICE CREAM, MILK"
42431,Dunes View Kwik Shop,6397 Blue Star Hwy,Saugatuck,MI,49453-2704,269 857-1010,Milk,MILK
42686,Dussel's Farm Market,21765 M-60,Cassopolis,MI,49031-2902,269 445-8715,Milk,MILK
201910,East Lansing Tasty Twist,1137 E. Grand River,East Lansing,MI,48823-1320,517 332-2677,Serves Soft Serve,SERVES SOFT SERVE
50428,Eastside Lansing Food Co-op,1605 E. Kalamazoo St,Lansing,MI,48912-1320,517-999-2222,"Milk, Serves Ice Cream","MILK, SERVES ICE CREAM"
50200,Ebaugh's Whistle Stop,9482 Terry Street,Lake,MI,48632-6610,989 544-4545,Serves Soft Serve,SERVES SOFT SERVE
50439,Economy Service,4700 Hudson Rd,Osseo,MI,49266-2206,517 523-3719,Milk,MILK
50101,Edru Soft Serve,1891 N Cedar St,Holt,MI,48842-0011,517 699-2001,Serves Soft Serve,SERVES SOFT SERVE
51083,Eiffel Waffle Creamery,115 Bailey Street,East Lansing,MI,48820,517-512-2920,Serves Soft Serve,SERVES SOFT SERVE
52237,El Supermercado,525 E. Main St.,Hartford,MI,49057-2902,269 621-0452,Milk,MILK
52217,Elsie's Ice Cream LLC (KEY #60,104 S Division,Fremont,MI,49412-0011,479 414-4375,"Sells Ice Cream, Serves Soft Serve","SELLS ICE CREAM, SERVES SOFT SERVE"
52219,Elsie Market,109 E. Main St.,Elsie,MI,48831-1818,989 8624535,"Milk, Serves Ice Cream","MILK, SERVES ICE CREAM"
52254,Emmett KOA,3864 Breen Rd,Emmett,MI,48041,810-395-7042,Milk,MILK
50001,Employee's,5850 Balsam Dr.,Hudsonville,MI,49426-0066,000 0000000,"Sells Ice Cream, Milk","SELLS ICE CREAM, MILK"
50013,Espresso Milano,137 Ashman,Midland,MI,48640-6610,989 832-3222,Milk,MILK
50105,Ethan's Donut Factory,45 N Broad Street,Hillsdale,MI,49242,517-425-1940,"Milk, Serves Soft Serve","MILK, SERVES SOFT SERVE"
50108,Eva's Dairy Cafe Inc.,465 N Park Blvd,Lake Orion,MI,48362,248-693-7034,Serves Soft Serve,SERVES SOFT SERVE
50111,Evart Dairy Whip,214 W. 7th St (US 10),Evart,MI,49631-0011,313 402-8857,Serves Soft Serve,SERVES SOFT SERVE
50715,Exit 76-76th & 131 Dairy,460 - 76th St SW,Byron Center,MI,49315-8305,616 4553600,Milk,MILK
50733,Exit 76-8th Ave,4461 8th Ave,Grandville,MI,49418-8305,616 3717152,"Milk, Serves Ice Cream","MILK, SERVES ICE CREAM"
220087,Exit 76-Boyne City Marathon,201 S Lake St,Boyne City,MI,49712,231-582-9604,Milk,MILK
220079,Exit 76-Bronco Marathon,1482 W Main,Gaylord,MI,49735,989-732-5009,Milk,MILK
50749,Exit 76-Byron Corner Mara *D,8391 Byron Center Ave SW  #165,Byron Center,MI,49315-8305,616 878-1546,"Milk, Serves Ice Cream","MILK, SERVES ICE CREAM"
50732,Exit 76-Cadillac,2560 E Division,Cadillac,MI,49601-8305,231 444-6057,Milk,MILK
50725,Exit 76-Carriage Marathon,3010 E. Lake Lansing Rd,East Lansing,MI,48823-1818,517 337-3067,Milk,MILK
30411,Exit 76-Cedar Rock I/C,11800 Northland Dr,Rockford,MI,49341-8305,616 696-9900,"Milk, Serves Ice Cream","MILK, SERVES ICE CREAM"
220078,Exit 76-Chalet Marathon,1041 W Main,Gaylord,MI,49735,989-732-9063,Milk,MILK
220077,Exit 76-Clare Marathon,10197 S Clare Ave,Clare,MI,48617,989-386-2276,Milk,MILK
50728,Exit 76-Clyde Park,4404 Clyde Park,Wyoming,MI,49509-8305,616 8054653,Milk,MILK
52246,Exit 76-Coopersville,329 S 48th Ave,Coopersville,MI,49404-8305,616 3848200,Milk,MILK
31762,Exit 76-Cottonwood,8407 Cottonwood,Jenison,MI,49428-8305,616 6679850,"Milk, Serves Ice Cream","MILK, SERVES ICE CREAM"
50744,Exit 76-Dorr Truck Stop,1311 142nd Ave,Dorr,MI,49348-8305,616 877-4500,Milk,MILK
59003,Exit 76-East Lansing,1198 S. Harrison,East Lansing,MI,48823-1818,,Milk,MILK
220088,Exit 76-Gaylord Marathon,605 S Otsego Ave,Gaylord,MI,49735,989-732-7484,"Sells Ice Cream, Milk","SELLS ICE CREAM, MILK"
31763,Exit 76-Georgetown #149,2271 Port Sheldon St,Jenison,MI,49428-8305,,Milk,MILK
50742,Exit 76-Gezon,5568 Byron Center Ave,Grand Rapids,MI,49509-8305,616 2571591,"Milk, Serves Ice Cream","MILK, SERVES ICE CREAM"
220083,Exit 76-Grayling Marathon,601 N James St,Grayling,MI,49738,989-348-4057,Milk,MILK
81756,Exit 76-Hamilton Mobil Mart,3604 Lincoln Rd,Hamilton,MI,49419-8305,269 7517176,"Milk, Serves Ice Cream","MILK, SERVES ICE CREAM"
52233,Exit 76-Hart #143,4220 W Polk Rd,Hart,MI,49420-8305,231 873-4668,"Milk, Serves Ice Cream","MILK, SERVES ICE CREAM"
220080,Exit 76-Hilltop Marathon,900 Marlette Rd,Waters,MI,49797,989-732-4015,Milk,MILK
130370,Exit 76-Howard City Mobil,580 West Shaw,Howard City,MI,49329-8305,231 937-5189,Milk,MILK
103214,Exit 76-Jenison Mobil,1991 Baldwin,Jenison,MI,49428-8305,616 667-7000,Milk,MILK
103213,Exit 76-Jenison Mobil I/C,1991 Baldwin,Jenison,MI,49428-8305,616 667-7000,Milk,MILK
220084,Exit 76-Kalkaska Marathon,207 N Cedar St,Kalkaska,MI,49646,231-258-5171,Milk,MILK
50712,Exit 76-Laingsburg,201 W Grand River Rd,Laingsburg,MI,48848-1818,517 651-5244,Milk,MILK
120416,Exit 76-Lake Belle Vista Mobil,6485 Belding Rd,Rockford,MI,49341-8305,616 8745200,"Milk, Serves Ice Cream","MILK, SERVES ICE CREAM"
220086,Exit 76-Lewiston Marathon,5021 County Rd 612,Lewiston,MI,49770,989-786-3397,Milk,MILK
50719,Exit 76-Lowell,4475 Alden NashAve,Lowell,MI,49331-8305,616-282-0075,Milk,MILK
50720,Exit 76-Lowell I/C,4475 Alden Nash Ave,Lowell,MI,49331-8305,616-282-0075,Milk,MILK
130369,Exit 76-M 46 Truck Stop,19504 W. Edgar Rd,Howard City,MI,49329-8305,231 9374090,Milk,MILK
50747,Exit 76-Mall View #150,293 84th Street,Byron Center,MI,49315-8305,616 878-3607,Milk,MILK
130479,Exit 76-Martin Marathon,1190 M-222,Martin,MI,49070-8305,269 672-7032,Milk,MILK
130533,Exit 76-Northern Springs,3620 14 Mile Rd,Rockford,MI,49341-8305,616 863-0354,"Milk, Serves Ice Cream","MILK, SERVES ICE CREAM"
150106,Exit 76-Oasis Mobil,9673 Adams St,Holland,MI,49423-8305,616 7481524,Milk,MILK
150105,Exit 76-Oasis Mobil  I/C,9673 Adams St,Holland,MI,49423-8305,616 7481524,Milk,MILK
59004,Exit 76-Olive Township,6363 136th St,Holland,MI,49424-8305,616 399-8106,Milk,MILK
160004,Exit 76-Park Township,1140 Ottawa Beach Rd,Holland,MI,49423-8305,616 7863450,Milk,MILK
220085,Exit 76-Petoskey Marathon,411 W Mitchell St,Petoskey,MI,49646,231-347-5122,Milk,MILK
50724,Exit 76-Pierson,21774 W. Cannonsville,Pierson,MI,49339-8305,616 6365686,Milk,MILK
50739,Exit 76-Pit Stop,2257 Chicago Dr,Wyoming,MI,49509-8305,616 5326010,"Milk, Serves Ice Cream","MILK, SERVES ICE CREAM"
50718,Exit 76-Pit Stop I/C,2257 Chicago Dr,Wyoming,MI,49509-8305,616 5326010,Milk,MILK
161393,Exit 76-Plainfield Mart,2171 Plainfield,Grand Rapids,MI,49505-8305,616 3646414,Milk,MILK
180971,Exit 76-Remembrance Quick,3434 Remembrance Rd,Grand Rapids,MI,49504-8305,616 7917600,"Milk, Serves Ice Cream","MILK, SERVES ICE CREAM"
180976,Exit 76-Rockford Mobil Mart,8501 Algoma Rd,Rockford,MI,49341-8305,616 8630999,"Milk, Serves Ice Cream","MILK, SERVES ICE CREAM"
220082,Exit 76-South End Marathon,2859 Old US 27 S,Gaylord,MI,49735,989-732-3847,Milk,MILK
50717,Exit 76-South Espress I/C #151,119 100th Street,Byron Center,MI,49315-8305,,Serves Ice Cream,SERVES ICE CREAM
50743,Exit 76-South Express #151,119 100th Street,Byron Center,MI,49315-8305,616 8770055,"Milk, Serves Ice Cream","MILK, SERVES ICE CREAM"
190913,Exit 76-Stanton Mobil,319 W Main,Stanton,MI,48888-8305,989 8318148,Milk,MILK
220081,Exit 76-Stony Hill Marathon,1298 m-32 E,Gaylord,MI,49735,989-731-5678,Milk,MILK
190914,Exit 76-Sunnybrook,4380 Kenowa SW,Grandville,MI,49418-8305,616 4575830,Milk,MILK
50748,Exit 76-Tulip City Truck,4360 Lincoln Rd,Holland,MI,49423-8305,616 396-2538,Milk,MILK
52234,Exit 76-Twin Lake#144,5536 Holton Rd,Twin Lake,MI,49457-8305,231 828-5119,"Milk, Serves Ice Cream","MILK, SERVES ICE CREAM"
230625,Exit 76-Walker Quik Mart,1229 Walker NW,Grand Rapids,MI,49504-8305,616 4584011,Milk,MILK
230628,Exit 76-Walker View Dairy,3360 Walker Ave,Grand Rapids,MI,49544-8305,616 591-9100,Milk,MILK
230651,Exit 76-Westshore Milk,12575 Riley St,Holland,MI,49424-8305,616 3997560,"Milk, Serves Ice Cream","MILK, SERVES ICE CREAM"
232507,Exit 76-Westside Mobil,5 W Main St,Zeeland,MI,49464-8305,616 7729053,Milk,MILK
232506,Exit 76-Westside Mobil I/C,5 W Main st,Zeeland,MI,49464-8305,616 7729053,Serves Ice Cream,SERVES ICE CREAM
50731,Exit 76-Wilson,6066 Wilson Ave,Wyoming,MI,49519-8305,616 2266632,"Milk, Serves Ice Cream","MILK, SERVES ICE CREAM"
50730,Exit 76-Wilson I/C,6066 Wilson Ave,Wyoming,MI,49519-8305,,Serves Ice Cream,SERVES ICE CREAM
232523,Exit 76-Windmill Mobil,1122 Lincoln,Holland,MI,49423-8305,616 3556181,"Milk, Serves Ice Cream","MILK, SERVES ICE CREAM"
232835,Exit 76 # 182 Westphalia,305 S Westphalia St,Westphalia,MI,48894,989-587-3291,Milk,MILK
232529,Exit 76 #146 The Lakes Exxon,1196 E. Sternberg,Muskegon,MI,49444-2704,231 798-2263,Milk,MILK
232838,Exit 76 #166 Apple Island,7211 E Apple Ave,Muskegon,MI,49422,,Milk,MILK
232836,Exit 76 #181 Grand Ledge,10945 W Grand River Hwy,Grand Ledge,MI,48837,517-622-0770,Milk,MILK
10129,Exit 76 Allendale Quick,6209 Lake Michigan Dr,Allendale,MI,49401-8305,616 8959400,Milk,MILK
50740,Exit 76 Alpine,1764 Alpine,Grand Rapids,MI,49504-2704,616 6334507,Milk,MILK
232829,Exit 76 Burton Mobil #142,335 Burton St. SW,Grand Rapids,MI,49507-2704,616 245-1446,Milk,MILK
232526,Exit 76 Ctryside*D Mobil,4842 Port Sheldon,Hudsonville,MI,49426-2704,616 6621779,"Milk, Serves Ice Cream","MILK, SERVES ICE CREAM"
232534,Exit 76 Fallasburg Mobil,432 Lincoln Lake Ave SE,Lowell,MI,49331-2704,616 897-2710,Milk,MILK
50745,Exit 76 Kountry Korner,2977 W Remus Rd,Mt Pleasant,MI,48858-1818,989 773-7003,Milk,MILK
130570,Exit 76 Meadowbrook Mobil,4919 Town Center Dr SE,Grand Rapids,MI,49512-2704,616 5545980,Milk,MILK
232831,Exit 76 Middleville,505 Town Center Drive,Middleville,MI,49333-2704,616 970-6148,Milk,MILK
232533,Exit 76 Noonday Market,1150 129th,Wayland,MI,49348-2704,269 792-7986,"Milk, Serves Ice Cream","MILK, SERVES ICE CREAM"
232834,Exit 76 Otsego #162,552 Lincoln Rd,Otsego,MI,49078-2704,269 694-4430,Milk,MILK
232833,Exit 76 Owosso #156,917 E Main St,Owosso,MI,48867-2704,989 472-9200,Milk,MILK
232832,Exit 76 Post Drive,1604 Post Dr NE,Belmont,MI,49306-2704,616 883-6392,"Milk, Serves Ice Cream","MILK, SERVES ICE CREAM"
190909,Exit 76 Shaver Rd #164,9950 Shaver Rd,Portage,MI,49024-2704,269 324-5635,Milk,MILK
220075,Exit 76 Valley VW *D Mobil,4200 32nd Ave,Hudsonville,MI,49426-2704,616 8966888,"Milk, Serves Ice Cream","MILK, SERVES ICE CREAM"
50736,Exit 76 West Main  #157,8739 West Main St,Kalamazoo,MI,49009-2704,269 353-4973,"Milk, Serves Ice Cream","MILK, SERVES ICE CREAM"
50741,Exit 76 York Creek,4258 Alpine Ave,Comstock Park,MI,49321-2704,616 647-5073,Milk,MILK
50734,Exit 76 York Creek I/C,4258 Alpine Ave,Comstock Park,MI,49321-2704,,Serves Ice Cream,SERVES ICE CREAM
30413,Exit76-Cedar Rock,11800 Northland Drive,Rockford,MI,49341-8305,616 323-8633,"Milk, Serves Ice Cream","MILK, SERVES ICE CREAM"
232527,Express Mart - Ludington,5587 W US 10,Ludington,MI,49431-2902,231 8457140,"Milk, Serves Ice Cream","MILK, SERVES ICE CREAM"
11401,Express Stop #4636,1612 North West Ave,Jackson,MI,49202-2902,517 768-4359,Milk,MILK
11403,Express Stop #4638,8830 Main St,Birch Run,MI,48415-2902,989 624-5671,Milk,MILK
11404,Express Stop #4639,56 North Tuscola,Bay City,MI,48708-2902,989 893-3061,Milk,MILK
11406,Express Stop #4641,105 West Saginaw,Merrill,MI,48744-2902,989 643-7008,Milk,MILK
11407,Express Stop #4642,7015 Gratiot Rd,Saginaw,MI,48609-2902,989 781-4171,Milk,MILK
11409,Express Stop #4644,520 Pinconning Rd,Pinconning,MI,48650-2902,989 484-9627,Milk,MILK
11411,Express Stop #4646,633 West Isabella,Midland,MI,48640-2902,989 835-3641,Milk,MILK
11412,Express Stop #4647,3670 East Washington Ave,Saginaw,MI,48601-2902,989 755-6081,Milk,MILK
11413,Express Stop #4648,4480 State St,Saginaw,MI,48603-2902,989 249-7020,Milk,MILK
11426,Express Stop #4659,9050  M-52,Manchester,MI,48158-2902,734 428-8671,Milk,MILK
11428,Express Stop #4661,110 South Jackson St,Hanover,MI,49241-2902,517 425-2491,Milk,MILK
11431,Express Stop #4664,4749 Knowles Rd,North Adams,MI,49262-2902,517 797-4590,Milk,MILK
11433,Express Stop #4666,6100 Dexter-Pinckney,Dexter,MI,48130-2902,,Milk,MILK
11435,Express Stop #4668,4610 South  M-52,Stockbridge,MI,49285-2902,517 851-9393,Milk,MILK
11437,Express Stop #4671,6553 Main St,Cass City,MI,48726-2902,989 872-5688,Milk,MILK
11439,Express Stop #4673,505 E Main St,Mayville,MI,48744-2902,989 843-5603,Milk,MILK
11441,Express Stop #4675,366 E North Territorial Rd,Whitmore Lake,MI,48189-2902,734 662-7470,Milk,MILK
11442,Express Stop #4676,1601 W Morrell St,Jackson,MI,49203-2902,517 788-6325,Milk,MILK
11443,Express Stop #4677,710 E. South St,Jackson,MI,49203-2902,517 788-9611,Milk,MILK
11444,Express Stop #4678,2410 West Michigan Ave,Battle Creek,MI,49037-2902,269 962-9533,Milk,MILK
11445,Express Stop #4679,2718 West Michigan Ave,Battle Creek,MI,49037-2902,269 962-9548,Milk,MILK
11448,Express Stop #4682,4200 West Dickman Rd,Battle Creek,MI,49037-2902,269 962-9528,Milk,MILK
11449,Express Stop #4683,620 North Grand St,Schoolcraft,MI,49087-2902,269 679-5890,Milk,MILK
11451,Express Stop #4685,170 Capital Ave SW,Battle Creek,MI,49015-2902,269 962-2226,Milk,MILK
11452,Express Stop #4686,5195 Beckley Rd,Battle Creek,MI,49015-2902,269 979-0283,Milk,MILK
11453,Express Stop #4687,26778  M-43 Hwy,Paw Paw,MI,49079-2902,269 668-4064,Milk,MILK
11454,Express Stop #4688,737 Capital Ave SW,Battle Creek,MI,49015-2902,269 565-1932,Milk,MILK
60030,Fabianos Westside Grocery,751 W. Grand River,Portland,MI,48875-1320,517 647-7505,Milk,MILK
60044,Fairview Food Mart IC,1508 N. Abbe Road,Fairview,MI,48621-6610,989 848-2820,"Milk, Serves Ice Cream","MILK, SERVES ICE CREAM"
60043,Fairview Food Mart MILK,1508 N. Abbe Road,Fairview,MI,48621-6610,989 848-2820,"Milk, Serves Ice Cream","MILK, SERVES ICE CREAM"
60775,Family Fare CD-123 S Wash,1185 S Washington,Holland,MI,49423-2206,616 3927941,Milk,MILK
60732,Family Fare CD-137 Allendale,6380 Lake Michigan Dr,Allendale,MI,49401-2206,616 8956665,Milk,MILK
60777,Family Fare CD-239 Georgetown,6480 - 28th Ave,Hudsonville,MI,49426-2206,616 6695790,Milk,MILK
60781,Family Fare CD115 Metro Health,2275 Health Dr SW,Wyoming,MI,49519-2206,616 249-2817,Milk,MILK
60405,Family Time Concessions LLC,1282 S M 66 Hwy,Nashville,MI,49073-4525,517 231-3632,Serves Soft Serve,SERVES SOFT SERVE
61563,Farmer In The Dell-Crystal IC,8950 E Howard City-Edmore Road,Vestaburg,MI,48891-0011,989-268-5547,"Sells Ice Cream, Serves Soft Serve","SELLS ICE CREAM, SERVES SOFT SERVE"
50870,Fastlane-  Litchfield #169,159 Marshall St,Litchfield,MI,49252-3080,517 539-3177,Milk,MILK
50876,Fastlane - Akron #170,6472 M 25,Akron,MI,48701-2902,989 893-5262,Milk,MILK
50812,Fastlane - Brighton #15,602 Grand River Ave,Brighton,MI,48116-3080,810 229-0179,Milk,MILK
50877,Fastlane - Brooklyn #18,13342 M50,Brooklyn,MI,49230-2902,,Milk,MILK
50874,Fastlane - Chesaning #111,15815 South Oakley,Chesaning,MI,48616-2902,989 893-5262,Milk,MILK
50878,Fastlane - Jackson #173,6206 Rives Junction,Jackson,MI,49201,517-795-1747,Milk,MILK
50871,Fastlane - Mason #144,551 West Columbia St,Mason,MI,48854-2902,517 748-9600,Milk,MILK
50872,Fastlane - Mt. Morris #134,8010 North Dort Hwy,Mt Morris,MI,48458-2902,810 355-7001,Milk,MILK
50879,Fastlane - Parma,2428 N Dearing Rd,Parma,MI,49269,517-962-2177,Milk,MILK
50875,Fastlane - Saginaw #102,2791 Bay Rd,Saginaw,MI,48603-2902,989 843-7266,Milk,MILK
50873,Fastlane - Saginaw #113,3540 State St,Saginaw,MI,48602-2902,989 269-6599,Milk,MILK
192860,Fastlane #174,213 S Main St,Fowler,MI,48835,989-593-2410,"Sells Ice Cream, Milk, Serves Soft Serve","SELLS ICE CREAM, MILK, SERVES SOFT SERVE"
120004,Fatbelly Deli/Creamer (KEY #55,20751 8 Mile Rd,Stanwood,MI,49346-4525,231-823-9667,"Sells Ice Cream, Serves Soft Serve","SELLS ICE CREAM, SERVES SOFT SERVE"
60391,Fate's Mecosta Mini Mart,198 E Main Street,Mecosta,MI,49332,231-972-3122,"Milk, Serves Ice Cream","MILK, SERVES ICE CREAM"
60390,Fate's Mini Mart,100 W Wheatland,Remus,MI,49340,989-967-3450,Milk,MILK
60000,Fick's Market Sunoco,2490 N. Elba Rd,Lapeer,MI,48446-2902,810 793-2000,Milk,MILK
60011,Fireside Coffee Co.,3239 Elms Road,Swartz Creek,MI,48473,810-635-9196,Milk,MILK
61142,Flavor Fruit Farm,11025 South Jackson Rd,Somerset Center,MI,49282-1818,517 688-3455,Milk,MILK
61373,Fleck's Fresh Mart #180,415 S Main Street,Standish,MI,48658-6610,989-437-1000,Milk,MILK
61371,Fleck's Fresh Mart #36,421 N Main Street,Standish,MI,48658-6610,989-846-6881,Milk,MILK
132120,Flem Marathon Bloomingdale,111 E Kalamazoo,Bloomingdale,MI,49026-2902,269 521-3090,"Milk, Serves Ice Cream","MILK, SERVES ICE CREAM"
132121,Flem Marathon S Haven,1076 Phoenix Street,South Haven,MI,49090-2902,269 6376115,"Milk, Serves Ice Cream","MILK, SERVES ICE CREAM"
132126,Flem Marathon Stevens,4108 Red Arrow Hwy,Stevensville,MI,49127-2902,269 4294269,"Milk, Serves Ice Cream","MILK, SERVES ICE CREAM"
192120,Flem Shell Allegan,458 Water Street,Allegan,MI,49010-2902,269 6736154,Milk,MILK
192121,Flem Shell Bangor,109 Monroe Street,Bangor,MI,49013-2902,269 4278532,"Milk, Serves Ice Cream","MILK, SERVES ICE CREAM"
132122,Flem Shell Coloma,111 East Saint Joseph Street,Coloma,MI,49038-2902,269 4683444,"Milk, Serves Ice Cream","MILK, SERVES ICE CREAM"
192123,Flem Shell Fennville,202 West Main Street,Fennville,MI,49408-2902,269 5615121,"Milk, Serves Ice Cream","MILK, SERVES ICE CREAM"
192126,Flem Shell Fennville,2398 68th Street,Fennville,MI,49408-2902,269 543 4749,"Milk, Serves Ice Cream","MILK, SERVES ICE CREAM"
192124,Flem Shell Gobles,101 North State Street,Gobles,MI,49055-2902,269 6282968,"Milk, Serves Ice Cream","MILK, SERVES ICE CREAM"
192125,Flem Shell Hartford,61828 County Rd,Hartford,MI,49057-2902,269 6212751,"Milk, Serves Ice Cream","MILK, SERVES ICE CREAM"
192128,Flem Shell Mattawan,54312 N. Main Street,Mattawan,MI,49071-2902,269 6682020,"Milk, Serves Ice Cream","MILK, SERVES ICE CREAM"
132124,Flem Shell Milburg,4781 Territorial  Road,Benton Harbor,MI,49022-2902,269 9445093,"Milk, Serves Ice Cream","MILK, SERVES ICE CREAM"
132127,Flem Shell Riv Coloma,3468 Coloma Road,Coloma,MI,49022-2902,269 8493211,"Milk, Serves Ice Cream","MILK, SERVES ICE CREAM"
192129,Flem Shell S Haven,1551 Phoenix Street,South Haven,MI,49090-2902,269 637-1880,"Milk, Serves Ice Cream","MILK, SERVES ICE CREAM"
192122,Flem Shell Saugatuck,6380 Blue Star Hwy,Saugatuck,MI,49453-2902,269 8574869,"Milk, Serves Ice Cream","MILK, SERVES ICE CREAM"
192130,Flem Shell South Haven,469 Broadway Street,South Haven,MI,49090-2902,269 6378983,"Milk, Serves Ice Cream","MILK, SERVES ICE CREAM"
132123,Flem Shell St Joe,222 Hilltop Road,St Joseph,MI,49085-2902,269 9820282,"Milk, Serves Ice Cream","MILK, SERVES ICE CREAM"
132125,Flem Shell St Joe,2600 Niles Road,St Joseph,MI,49085-2902,269 4296594,"Milk, Serves Ice Cream","MILK, SERVES ICE CREAM"
192127,Flem Shell Tr St S Haven,13781  M 140,South Haven,MI,49090-2902,,"Milk, Serves Ice Cream","MILK, SERVES ICE CREAM"
60140,Flushing Farms,7096 Gilette Rd,Flushing,MI,48433-2902,810 919-7300,Serves Soft Serve,SERVES SOFT SERVE
60796,Food Bank Council/ MI Kentwood,"330 Marshall St, Suite 102",Lansing,MI,48912,517-614-4368,Milk,MILK
60970,Forest Hills Dairy,4668 Cascade Rd SE,Grand Rapids,MI,49546-2206,616 949-0240,Milk,MILK
60968,Forest Hills Foods I/C,4668 Cascade Rd SE,Grand Rapids,MI,49546-2206,616 9490240,Serves Ice Cream,SERVES ICE CREAM
192016,Fountain Market,4931 N. Cleveland St.,Fountain,MI,49410-2902,231 462-3931,"Milk, Serves Ice Cream","MILK, SERVES ICE CREAM"
60018,Fox Lake General Store,220 Kenwood,Twin Lake,MI,49457-2902,231 8948500,Milk,MILK
20970,Frank's Market,1118 Washington St.,Grand Haven,MI,49417-2902,616 846-4220,"Milk, Serves Ice Cream","MILK, SERVES ICE CREAM"
60289,Frankenmuth Jellystone Park,1339 Weiss,Frankenmuth,MI,48734-6610,989 652-6668,Milk,MILK
60291,Frankfort Milky Way Inc.,750 Washington Ave,Frankfort,IN,46041,765-654-8831,Serves Soft Serve,SERVES SOFT SERVE
60293,Freakin' Pickles LLC,103 E Huron Rd,AuGres,MI,48703,989-778-0102,Serves Soft Serve,SERVES SOFT SERVE
60314,Freel's Market,1139 W Lake Street,Tawas,MI,48763-6610,989 362-6900,Milk,MILK
60350,Freskia Ice Cream-Sterling Hgt,43702 Schoenherr Rd,Sterling Heights,MI,48313-1428,248 977-0014,"Sells Ice Cream, Serves Soft Serve","SELLS ICE CREAM, SERVES SOFT SERVE"
60375,Froelich Inc,15 N Elm St,Three Oaks,MI,49128-0011,269 756-6002,Sells Ice Cream,SELLS ICE CREAM
61573,Frosty's - Chesaning,1190 W. Broad St,Chesaning,MI,48616-6610,989 323-1401,Sells Ice Cream,SELLS ICE CREAM
60304,Frosty's Ice Creamery Inc,9245 Bernice Dr,Pinckney,MI,48169-0011,810 623-4045,"Milk, Serves Soft Serve","MILK, SERVES SOFT SERVE"
61941,Frosty Boy Cascade,6886 Cascade Rd,Grand Rapids,MI,49546-0011,616 647-5652,Sells Ice Cream,SELLS ICE CREAM
61940,Frosty Boy GR (KEY #78 ),1757 Plainfield Ave,Grand Rapids,MI,49505-0011,616 443-9903,"Sells Ice Cream, Serves Soft Serve","SELLS ICE CREAM, SERVES SOFT SERVE"
61937,Frosty Boy Kalamazoo (KEY #35,5030 Gull Road,Kalamazoo,MI,49048-0011,269 345-5360,Milk,MILK
61946,"Frosty Boy of Jackson, LLC",1201 Cooper St,Jackson,MI,49202,517-499-9402,"Sells Ice Cream, Serves Soft Serve","SELLS ICE CREAM, SERVES SOFT SERVE"
61945,Frosty Boy of Lowell,503 E Main St,Lowell,MI,49301,248-762-2703,"Sells Ice Cream, Serves Soft Serve","SELLS ICE CREAM, SERVES SOFT SERVE"
61947,Frosty Boy of Vandercook Lake,516 E McDevitt,Jackson,MI,49201,517-768-9975,Serves Soft Serve,SERVES SOFT SERVE
60306,Frosty Cone,333 N. Mill Street,St Louis,MI,48880-1320,989 620-7503,Serves Soft Serve,SERVES SOFT SERVE
60313,Frosty Cove,2565 Lakeshore Dr,Muskegon,MI,49441-0011,231 955-7130,Serves Soft Serve,SERVES SOFT SERVE
60318,Frosty Delights LLC,2887 W Houghton Lake Dr,Houghton Lake,MI,48629,989-965-5238,Serves Soft Serve,SERVES SOFT SERVE
60511,Frosty Oasis,2181 W Sherman,Muskegon,MI,49441-9613,231-755-2903,Sells Ice Cream,SELLS ICE CREAM
61572,Frosty Queen II,57875 Gratiot Rd,New Haven,MI,48048-0011,586 855-3214,Serves Soft Serve,SERVES SOFT SERVE
61599,Frozen Spoons,329 N Broadway,Hastings,MI,46058,269-331-6226,Sells Ice Cream,SELLS ICE CREAM
62590,Frye's Gas & Grocery LLC,208 Pine Street,McBain,MI,49657-2902,231 825-6040,Milk,MILK
62596,Furniture City Creamery,1416 North Ave NE,Grand Rapids,MI,49506-0011,616-826-3239,Milk,MILK
70426,Gene's Family Market - Grant,33 E. State Rd.,Grant,MI,49337-2206,231 834-5652,Milk,MILK
70429,Gene's Family Market - Newago,7303 S. Croton Hardy Dr.,Newaygo,MI,49327-2206,231 652-1350,Milk,MILK
70456,Genes Quick Stop,3127 Turner St,Lansing,MI,48906-0011,517 482-5739,Milk,MILK
90715,Ghezzies Market,2017 Lakeshore Drive,Muskegon,MI,49441-2902,231-375-8102,Milk,MILK
71496,Gilbert's Shell,226 S Blackstone Ave,Colon,MI,49040,269-432-3774,Milk,MILK
71499,"Gillette's Trading Post, Inc",12633 Mason Dr,Grant,MI,49327-2902,231 834-7314,Milk,MILK
71505,GK Market,1431 S Getty Street,Muskegon,MI,49442,231-722-6488,Milk,MILK
71458,Good Time Donut,214 E 8th St.,Holland,MI,49423,616 3939220,Milk,MILK
71595,Gordonville Company Inc.,1563 S Meridian Rd,Midland,MI,48640-6610,989-835-2361,Milk,MILK
71341,Grace Adventure Dunes Harbor,2722 N. Ridge Rd.,Mears,MI,49436-4525,231 873-3662,"Sells Ice Cream, Milk, Serves Soft Serve","SELLS ICE CREAM, MILK, SERVES SOFT SERVE"
71340,Grace Adventures,2100 N Ridge Rd,Mears,MI,49436-4525,231 873-3662,"Milk, Serves Soft Serve","MILK, SERVES SOFT SERVE"
71501,Grant Liquor LLC,12633 Mason Dr,Grant,MI,49327,231-834-7314,Milk,MILK
70303,Great Giant Supermarket,1226 Madison Ave. SE,Grand Rapids,MI,49507-2206,616 248-4155,"Milk, Serves Ice Cream","MILK, SERVES ICE CREAM"
70335,"Great Lakes Ice Cream Co.,Inc",901 E. Ashman,Midland,MI,48642-6610,989 6980173,"Milk, Serves Soft Serve","MILK, SERVES SOFT SERVE"
70350,Green Isaac's Coffee & Tea,240 S Hancock St,Pentwater,MI,49449-3080,231 819-1773,Milk,MILK
41205,Green Vale Farms,1986 Arther Street,Marne,MI,,616 8932212,"Sells Ice Cream, Serves Soft Serve","SELLS ICE CREAM, SERVES SOFT SERVE"
70325,Greenfield Party Shoppe,22883 Greenfield Rd,Southfield,MI,48075,248-552-9551,Milk,MILK
73046,Grombir Transport Inc,8360 New Lothrup Rd,New Lothrop,MI,48460-2902,810 638-5172,Milk,MILK
70447,Grunst Brothers,624  N.State St,Big Rapids,MI,49307-2902,231 796-7253,Sells Ice Cream,SELLS ICE CREAM
70448,Gruppen Farms,7030 96th Ave,Zeeland,MI,49464,616-218-2426,Serves Ice Cream,SERVES ICE CREAM
70498,Gulf Gas,15000 8 Mile Rd.,Detroit,MI,48205,313 247-1992,Milk,MILK
82342,H & L Dairy Mart,3450 S Straits Hwy,Indian River,MI,49749,231-420-8386,Serves Soft Serve,SERVES SOFT SERVE
80109,Halaula Hawaiian Ice Shack,709 S Harbor Dr,Grand Haven,MI,49417-0011,616 422-8986,"Sells Ice Cream, Serves Soft Serve","SELLS ICE CREAM, SERVES SOFT SERVE"
80136,Halo Burger #28 Clinton Twp,41554 Garfield Rd,Clinton Twp,MI,48038,586-257-0801,Serves Soft Serve,SERVES SOFT SERVE
80137,Halo Burger #29 Walled Lake,1163 E West Maple Rd,Walled Lake,MI,48390,947-227-2230,Serves Soft Serve,SERVES SOFT SERVE
80131,Halo Burger Birch Run,9130 Birch Run Rd,Birch Run,MI,48415,810-965-1114,Serves Soft Serve,SERVES SOFT SERVE
80135,Halo Burger Burton,1166 N Belsay Rd,Burton,MI,48509,810-875-9600,Serves Soft Serve,SERVES SOFT SERVE
80134,Halo Burger Fenton,1355 N Leroy St,Fenton,MI,48430,810-750-1952,Serves Soft Serve,SERVES SOFT SERVE
80132,Halo Burger Flint,3388 S Linden Rd,Flint,MI,48507,810-732-6650,Serves Soft Serve,SERVES SOFT SERVE
80133,Halo Burger Grand Blanc,2248 E Hill Rd,Grand Blanc,MI,48439,810-695-2630,Serves Soft Serve,SERVES SOFT SERVE
82610,Hamel's Farm Market & Nursery,1944 N Greenville Rd,Stanton,MI,48888-3080,989 831-1020,Milk,MILK
82652,Han-D-Dip Dairy Barn,32624 Five Mile Rd,Livonia,MI,48154,734-425-5370,Serves Soft Serve,SERVES SOFT SERVE
82670,Hansen's,3750 W. Polk Rd.,Hart,MI,49420-8305,231 873-2826,"Milk, Serves Ice Cream","MILK, SERVES ICE CREAM"
180603,Hansens Quick St IC 16,709 W State St,Saint Johns,MI,48879-1818,989 224-1757,"Milk, Serves Ice Cream","MILK, SERVES ICE CREAM"
180593,Hansens Quick Stop - 15,8998 E. M 21,Ovid,MI,48866-1818,989 834-0064,Milk,MILK
180591,Hansens Quick Stop -16,709 W. State St.,Saint Johns,MI,48879-1818,989 224-1757,Milk,MILK
180601,Hansens Quick Stop IC - 15,8998 E. M 21,Ovid,MI,48866-1818,989 834-0064,"Milk, Serves Ice Cream","MILK, SERVES ICE CREAM"
82669,"Hanson's Party Store, Inc.",19585 30th Ave,Barryton,MI,49305-2902,989 382-7722,Milk,MILK
41311,"Harbor Cove RV Resort, LLC",632 Race Rd,Coldwater,MI,49036,517-279-2683,Milk,MILK
41318,Harbor Ice Cream,117 W. Main Street,Harbor Springs,MI,49740-2206,231-373-0943,Sells Ice Cream,SELLS ICE CREAM
41322,Hareloom Cafe,5729 Saint Joseph Ave,Stevensville,MI,49085,269-429-8696,Milk,MILK
80031,Hartzell's Ice Cream,107 North Dunn St,Bloomington,IN,47408,812-332-3502,Serves Soft Serve,SERVES SOFT SERVE
32107,Hazen's Farm,1144 Peavy Rd,Howell,MI,48843-0011,517 548-1841,Serves Soft Serve,SERVES SOFT SERVE
82120,"Heart Of Michigan, LLC",203 W. Grand River Ave,Howell,MI,48843-0011,517 775-5651,Sells Ice Cream,SELLS ICE CREAM
82784,Heidi's Market,5522 North State,Davison,MI,48423-2902,810 653-0324,Milk,MILK
81104,Herald's Dairy Delight,220 E Main st,Carson City,MI,48811-0011,989 584-6534,"Sells Ice Cream, Serves Soft Serve","SELLS ICE CREAM, SERVES SOFT SERVE"
81110,"Heritage Farms Mkt, LLC",1858 S Maple Island Rd,Fremont,MI,49412-0066,231 854-3276,"Milk, Serves Soft Serve","MILK, SERVES SOFT SERVE"
81249,Hernandez Family,12032 Red Arrow Hwy,Sawyer,MI,49125-0011,269 861-1404,Serves Soft Serve,SERVES SOFT SERVE
81146,Hersey Party Store,640 N. Main St.,Hersey,MI,49639-2902,231 832-9226,Milk,MILK
160136,Hesperia Sunoco,309 S. Divison,Hesperia,MI,49421-2902,231 854-7575,Milk,MILK
81916,Hideaway Campground,9671 W. Silver Lake Rd.,Mears,MI,49436-0011,231 873-4428,"Milk, Serves Soft Serve","MILK, SERVES SOFT SERVE"
81920,Higgins General Store,9105 Helena Rd,Alden,MI,49612-6610,231 676-0082,"Serves Ice Cream, Serves Soft Serve","SERVES ICE CREAM, SERVES SOFT SERVE"
80082,Hill and Hollow Campground,8915 N. Business 31,Pentwater,MI,49449-4525,231 869-5811,Milk,MILK
82054,Hill Top Food & Fuel Mobil,1612 142nd Ave,Dorr,MI,49323-2902,616 681-9832,Milk,MILK
80090,Hilltop Party Store,12402-A Highland Rd,Hartland,MI,48353-3080,810 991-1016,Milk,MILK
80089,Hilltop Soda Shoppe,7117 South St,Benzonia,MI,49616-1818,231 6510154,"Milk, Serves Soft Serve","MILK, SERVES SOFT SERVE"
30191,Holland Captain Sundae (KEY #1,365 Douglas,Holland,MI,49423-0011,616 396-5938,"Milk, Serves Soft Serve","MILK, SERVES SOFT SERVE"
80083,Holly Campground,7072 Grange Hall Rd,Holly,MI,48442-6610,702 545-8283,Milk,MILK
82268,Holton Stop 'n' Shop,8545 Holton Rd.,Holton,MI,49425-2902,231 8212496,Milk,MILK
80306,Home Town General Store,7906 N Welling Rd,Eureka,MI,48833,906-235-8537,Milk,MILK
132851,Hometown Creamery,292 Western Ave  Suite 101,Muskegon,MI,49440-0011,231 740-6363,Serves Soft Serve,SERVES SOFT SERVE
80304,Hometown Ice Cream & Candy,26866 Telegraph Rd,Flat Rock,MI,48134-0011,313 575-5098,Milk,MILK
191175,Horrock's,4455 Breton Rd. SE,Kentwood,MI,49508-2206,616 455-7998,"Milk, Serves Ice Cream","MILK, SERVES ICE CREAM"
80552,Horton Bay General Store,5115 Boyne City Road,Boyne City,MI,49712-1818,303 667-1454,"Sells Ice Cream, Milk","SELLS ICE CREAM, MILK"
81998,Housemans Ice Cream (KEY #43),2543 84th St,Byron Center,MI,49315-0011,616 878-0134,Serves Soft Serve,SERVES SOFT SERVE
81019,Hubbard Lake General Store,6914 Hubert Road,Hubbard Lake,MI,48747-1695,989 727-9172,"Milk, Serves Ice Cream","MILK, SERVES ICE CREAM"
81020,Hubbardston Market,131 Washington Street,Hubbardston,MI,48845-2206,989 981-6600,Milk,MILK
81027,Hudson Gas & Food - Madison,2763 Madison SE,Grand Rapids,MI,49546-2902,616 243-5115,Milk,MILK
81031,Hudsonville Gas & Food Dairy,4554 32nd Ave.,Hudsonville,MI,49426-2902,616 669-2300,Milk,MILK
82736,Huggy Bears General Store,10010 East Pickard Rd,Mt Pleasant,MI,48858-1818,989 317-8600,Milk,MILK
90341,Ice Cream Garage-Linden,106 S Bridge St,Linden,MI,48451-2143,810 399-2293,Milk,MILK
90340,"Ice Cream Garage, Inc.(KEY #19",4010 Lake Michigan Drive,Walker,MI,49534-4525,616 453-6365,Serves Soft Serve,SERVES SOFT SERVE
90343,Ice Cream Lane,409 N. Third St,Rogers City,MI,49779-1818,989 734-3250,"Sells Ice Cream, Serves Soft Serve","SELLS ICE CREAM, SERVES SOFT SERVE"
90347,Ice Creams La Michoacana,720 S Grant Ave,Crawfordsville,IN,47933,765-367-6717,Serves Soft Serve,SERVES SOFT SERVE
90729,Idle Spur Market,5010 Lum Rd,Lum,MI,48412-4525,810 724-7300,Milk,MILK
251590,IDS Chhina Inc.,134 W. Main Street,Stanton,MI,48888,517-896-4486,Milk,MILK
90780,Ike's Crystal Ice Cream,119 W Lake St,Crystal,MI,48818-2902,989 584-4321,Serves Soft Serve,SERVES SOFT SERVE
90799,Independent Dairy - Monroe,126 N. Telegraph,Monroe,MI,48162-3080,734 241-6016,Milk,MILK
90867,Insomnia Cookies 11 LLC,1229 South University Ave,Ann Arbor,MI,48104-4525,210 793-2388,Milk,MILK
90862,Insomnia Cookies 15  LLC,809 Broad Ripple Ave,Indianapolis,IN,46220-4525,470 504-3791,Milk,MILK
90866,Insomnia Cookies 151  LLC,"10745 48th Ave, Ste A-100",Allendale,MI,49401-4525,,Milk,MILK
90870,Insomnia Cookies 198 LLC,44 Ionia Ave SW,Grand Rapids,MI,49503-4525,252 288-9103,Milk,MILK
90861,Insomnia Cookies 229 LLC,840 S. Calhoun Street,Fort Wayne,IN,46802-4525,260 443-1886,Milk,MILK
90868,Insomnia Cookies 247  LLC,5171 Anthony Wayne Dr,Detroit,MI,48202-4525,989 413-6782,Milk,MILK
90874,Insomnia Cookies 262  LLC,917 Indiana Ave,Indianapolis,IN,46202-4525,463 888-4440,Milk,MILK
90871,Insomnia Cookies 27  LLC,2905 Howard Street,Kalamazoo,MI,49006-4525,269-598-8883,Milk,MILK
90875,Insomnia Cookies 278  LLC,1218 Walton Blvd,Rochester Hills,MI,48307-1428,,Milk,MILK
90873,Insomnia Cookies 30 LLC,733 West Cross Street,Ypsilanti,MI,48197-4525,919 366-8718,Milk,MILK
90872,Insomnia Cookies 39  LLC,1620 S Mission Street,Mt Pleasant,MI,48858-4525,989 630-7686,Milk,MILK
90869,Insomnia Cookies 6  LLC,603 E Grand River Ave,East Lansing,MI,48823-4525,517 574-1468,Milk,MILK
90865,Insomnia Cookies 8 LLC,602 W Stadium Ave,West Lafayette,IN,47906-4525,,Milk,MILK
90260,Iorio's - Kentwood,4455 Breton Rd SE,Kentwood,MI,49508-4525,517 927-9928,Serves Soft Serve,SERVES SOFT SERVE
90262,Iorio's - Manchester,455 W Main Street,Manchester,MI,49508-4525,517 927-9928,Serves Soft Serve,SERVES SOFT SERVE
90259,Iorio's Horrocks - Lansing,7420 W Saginaw Hwy,Lansing,MI,48917-4525,517 927-9928,Serves Soft Serve,SERVES SOFT SERVE
100361,J's Korner Store,4745 S Fraser Road,Bay City,MI,48706-1818,989 684-1640,Milk,MILK
100127,Jaami's Ice Cream & Treats,592 Cass Ave,Frankenmuth,MI,48734-6610,989 652-2007,"Sells Ice Cream, Serves Soft Serve","SELLS ICE CREAM, SERVES SOFT SERVE"
100703,Jacks Corner Store,6330 Holton Rd,Twin Lake,MI,49457-8305,231 828-4408,Milk,MILK
100700,Jacks Corner Store Dairy,4190 Grand Haven Rd,Muskegon,MI,49441-8305,231 798-7314,Milk,MILK
100715,Jacksonville Party Store,987 M-55,West Branch,MI,48661-6610,989 701-2431,Milk,MILK
100038,Japars Junction,3479 Lakeshore,Deckerville,MI,48427-1695,248 797-2279,Milk,MILK
100725,Jawor Brothers Blueberries,7545 Heights Ravenna Rd,Ravenna,MI,49451-3080,231 747-9806,"Sells Ice Cream, Milk","SELLS ICE CREAM, MILK"
100023,JB's Country Store LLC,5885 Hillman,Six Lakes,MI,48886,989-334-1166,"Sells Ice Cream, Milk","SELLS ICE CREAM, MILK"
101598,Jellystone Park - Silver Lake,8239 W Hazel Road,Mears,MI,49436-2902,231 8734502,Milk,MILK
100881,Joe's Market,8406 Judevine Rd,Palo,MI,48870-2902,989 637-4752,Milk,MILK
100896,John's Market (Mega Corp),6044 Main St.,Twin Lake,MI,49457-2902,231 828-6628,Milk,MILK
100163,Joni's Cones,5283 E. Apple Ave,Muskegon,MI,49442-4525,231 736-4970,"Sells Ice Cream, Milk, Serves Soft Serve","SELLS ICE CREAM, MILK, SERVES SOFT SERVE"
100170,Jose Lake Resort LLC,7065 Jose Lake Rd,South Branch,MI,48761-6610,989 257-1500,Milk,MILK
102343,Juliet Chocolate Factory-Cante,2359 Joslyn Ct,Lake Orion,MI,48630,248-842-4254,Sells Ice Cream,SELLS ICE CREAM
110480,K-D Quick Stop Inc,235 N Clare Ave,Harrison,MI,48685-3080,989 539-1269,Milk,MILK
112029,K & S Vending Services,50792 CR 652,Mattawan,MI,49071,269-668-3301,Milk,MILK
110470,K.C.'s Party Store,303 W. 7th. Street,Evart,MI,49631-2902,231 734-2781,Milk,MILK
111135,"K.G. Market, Inc",10511 Red Arrow Hwy,Bridgman,MI,49106-2902,269 465-5742,Milk,MILK
190587,Kamphuis Blueberries LTD,4140 148th Ave,Holland,MI,49424-4525,616 399-9545,Serves Soft Serve,SERVES SOFT SERVE
110887,Kat Enterprises Inc.,104 E Eliza Street,Schoolcraft,MI,49087-4525,269 352-8638,"Sells Ice Cream, Serves Soft Serve","SELLS ICE CREAM, SERVES SOFT SERVE"
110468,Kate's Sweet Shop & Mini Golf,3028 J Maddy Parkway,Interlochen,MI,49643-1818,231 709-3505,Serves Soft Serve,SERVES SOFT SERVE
220018,"KB'S Grill & Chill, LLC",6628 Main St,Cass City,MI,48726-1428,989 670-3498,Serves Soft Serve,SERVES SOFT SERVE
103050,Kelloggs Bridge Grocery,9439 E North Down River Rd,Grayling,MI,49738-6610,989 344-0404,Milk,MILK
103054,"Kelly's Ice Cream, ,LLC",612 Stitt St,Wabash,IN,46992,260-563-2662,"Sells Ice Cream, Serves Soft Serve","SELLS ICE CREAM, SERVES SOFT SERVE"
103051,Kelly's Party Store,515 N. Huron Rd,Au Gres,MI,48703-1695,989 876-6910,Milk,MILK
111132,Kemps Mart,735 W Michigan Ave,Marshall,MI,49068,201-724-1795,Milk,MILK
110442,Kettlewells,8840 M 72 East,Traverse City,MI,49690-1818,231 631-7551,Serves Soft Serve,SERVES SOFT SERVE
111150,Kibby Creek Campground,4900 W Deren Rd,Ludington,MI,49431-4525,231 843-3995,"Sells Ice Cream, Serves Ice Cream, Serves Soft Serve","SELLS ICE CREAM, SERVES ICE CREAM, SERVES SOFT SERVE"
110785,King Kone,12030 S. M 52,Perry,MI,48872-1320,517 625-4004,"Milk, Serves Soft Serve","MILK, SERVES SOFT SERVE"
110795,Kingma's Market Dairy,2225 Plainfield NE,Grand Rapids,MI,49505-2528,616 363-7575,"Milk, Serves Ice Cream","MILK, SERVES ICE CREAM"
110796,Kingma's Market Ice Cream,2225 Plainfield NE,Grand Rapids,MI,49505-2528,616-363-7575,Serves Ice Cream,SERVES ICE CREAM
110514,KOA Campground Kimball,5111 Lapeer Rd,Kimball,MI,48074-4525,810 335-2914,Milk,MILK
110826,Konevals Kones,605 N. US. 27,St Johns,MI,48879-1320,989 640-5827,Serves Soft Serve,SERVES SOFT SERVE
112782,Kwik Mart,330 E. Maint St.,Walkerville,MI,49459-2528,231 898-0881,"Sells Ice Cream, Milk","SELLS ICE CREAM, MILK"
122551,"L.H. Piggott & Girls, Inc",3824 East Napier Ave,Benton Harbor,MI,49022-4525,269 944-7098,Milk,MILK
119811,La Londes Market,4007 Jefferson Ave,Midland,MI,48624-1695,989 636-7794,"Milk, Serves Ice Cream","MILK, SERVES ICE CREAM"
120392,LA Michoacan I.C. & Munchiez,130 E Lakewood blvd,Holland,MI,49424-2528,616 848-9648,Serves Soft Serve,SERVES SOFT SERVE
120394,La Poblanita,310 W Main Street,Fennville,MI,49408-8305,269 561-6060,Serves Soft Serve,SERVES SOFT SERVE
120385,La Tapatia,1546 Clyde Park,Wyoming,MI,49509-2528,616 243-3364,Milk,MILK
122568,Lafayette Creamery Hk (KEY #40,109 W Main St,Hopkins,MI,49328-4525,269 599-3763,Serves Soft Serve,SERVES SOFT SERVE
119812,Laingsburg Sunoco,9978 Round Lake Rd,Laingsburg,MI,48848-1818,917 421-0187,Milk,MILK
119814,Lake Ann Camp,18325 Barber Rd,Lake Ann,MI,49650-1818,231 342-5250,"Sells Ice Cream, Milk, Serves Soft Serve","SELLS ICE CREAM, MILK, SERVES SOFT SERVE"
121317,Lake Breeze Party Store,3985 Saginaw St,National City,MI,48748-6610,989 469-3000,Milk,MILK
121319,Lake General Store,9300 School St,Lake,MI,48632-1695,989 544-2453,Milk,MILK
121322,Lake to Bay Grocery,542 Tawas Beach Rd,East Tawas,MI,48730,989-820-9377,"Sells Ice Cream, Milk","SELLS ICE CREAM, MILK"
120072,Lakeshore Convenience,155 Blue Star Hwy,Douglas,MI,49406-2528,269 8571235,Milk,MILK
121918,Lakeside Swirl Ope ( KEY #59 ),1026 Cottage Grove,Fremont,MI,49412-4525,616 218-3395,Serves Soft Serve,SERVES SOFT SERVE
11012,Lakeview Expo Inc.,158 N Lincoln Ave,Lakeview,MI,48850,574-400-9434,Milk,MILK
120358,Lakeville Market,47174 Jefferson,Chesterfield,MI,48047-2528,586 949-5645,Milk,MILK
120816,Lakewood Quick stop,184 East Kentwood,Twin Lake,MI,49457-2528,231 893-3081,Milk,MILK
120116,Lane View Farm,11025 South Jackson Rd,Somerset Center,MI,49282-1818,517-688-3455,Serves Soft Serve,SERVES SOFT SERVE
31881,Lapeer County Jail,3231 John Conley Dr,Lapeer,MI,48446,,Milk,MILK
120381,Larkin Food Center,4350 N Eastman Rd,Midland,MI,48642-6610,989 835-3119,"Sells Ice Cream, Milk, Serves Ice Cream","SELLS ICE CREAM, MILK, SERVES ICE CREAM"
120379,Larry's - Koehlers Outpost,5449 Round Lake Rd,Gladwin,MI,48624-6610,989-426-7205,Milk,MILK
120396,Las Mangonadas,147 N Paw Paw St,Coloma,MI,49038-2206,269 277-0841,Serves Soft Serve,SERVES SOFT SERVE
121316,Laurels of Carson City,620 N Second St,Carson City,MI,48811-2206,616 389-3497,Milk,MILK
121314,Laurels of Fulton,4735 Ranger Rd,Perrinton,MI,48871-2206,989 236-5433,Milk,MILK
121315,Laurels of Hudsonville,3650 Van Buren St,Hudsonville,MI,49426,616-669-1520,Milk,MILK
120005,Lebanon Milky Way,836 Indianapolis Ave,Lebanon,IN,46052,765-482-1940,Serves Soft Serve,SERVES SOFT SERVE
120092,Leisure Lake Family Campground,505 S. Warner,Sumner,MI,48889-1320,,"Milk, Serves Soft Serve","MILK, SERVES SOFT SERVE"
121013,Leonard & Walker Amoco Milk,1639 W. Leonard,Grand Rapids,MI,49504-2528,616 7354000,Milk,MILK
119820,Leonard Terrace Food Pantry,1315 Leonard St. NE,Grand Rapids,MI,49505-3080,616 446-6401,Milk,MILK
122559,Lickety Split ( KEY #62 ),13276  M-40,Gobles,MI,49055-4525,269 547-5572,Serves Soft Serve,SERVES SOFT SERVE
120065,Liftoff Creamery-Greenwood,1280 US Hwy 31N,Greenwood,IN,46142,317-300-1737,"Sells Ice Cream, Milk","SELLS ICE CREAM, MILK"
120064,Liftoff Creamery - Indy,"111 E 16th St, Ste 105",Indianapolis,IN,46202,317-426-2641,Sells Ice Cream,SELLS ICE CREAM
120049,Liftoff Creamery & (KEY #110),5539 E Washington St,Indianapolis,IN,46219,317-419-3885,"Sells Ice Cream, Milk, Serves Ice Cream","SELLS ICE CREAM, MILK, SERVES ICE CREAM"
120055,Lighthouse Village RV Resort,1001 24 Mile Rd,Homer,MI,49245,517-568-4343,Sells Ice Cream,SELLS ICE CREAM
120401,Linwood Party Store,211 W Center,Linwood,MI,48634-1695,989 697-3825,Milk,MILK
120359,Little Dipper Cafe (KEY #30 ),2407 Riley St,Hudsonville,MI,49427-4525,616 540-2012,"Sells Ice Cream, Serves Soft Serve","SELLS ICE CREAM, SERVES SOFT SERVE"
122567,Little KK's,4180 W M-20,New Era,MI,49446,231-638-8216,Serves Soft Serve,SERVES SOFT SERVE
120397,Little Plaza Supermarket,2424 S. Division,Grand Rapids,MI,49507-2528,616 405-7527,Milk,MILK
120094,Little Switzerland Resort,254 Pickeral Lake,Newaygo,MI,49337-4525,231 6527939,Milk,MILK
120100,Lower Hamlin Grocery,3611 N Jebavy Rd.,Ludington,MI,49431-8514,231 425-4420,Milk,MILK
119998,Lucky's Downtown I/C,24 S. Division,Grand Rapids,MI,49503-8514,616 301-1808,Milk,MILK
123119,Luke's Market,8856 Unionville Rd.,Sebewaing,MI,48759-9725,989 883-3630,"Milk, Serves Ice Cream","MILK, SERVES ICE CREAM"
123115,Lupitas Postres,3375 Division Ave South,Wyoming,MI,49509-8514,616 719-0039,Sells Ice Cream,SELLS ICE CREAM
123108,Luzerne Express Mart,3535 Park Rd,Luzerne,MI,48636-6610,989 826-5533,Milk,MILK
121208,Lyon Street Cafe,617 Lyon Street NE,Grand Rapids,MI,49503-8514,616 4590911,Milk,MILK
132385,M-37 Meat Shack,12642 N. Woodbridge,Bitely,MI,49309-9654,231 745-7213,Milk,MILK
130008,M-45 Market Express,4773 Lake Michigan Dr,Allendale,MI,49401-8514,616 892-5000,Milk,MILK
132405,M-46 Gas & Food,8990 E Monroe Rd,Wheeler,MI,48662,919-338-6979,Milk,MILK
132388,"M-50 Party Store, Inc.",4050 E. Clinton Trail,Charlotte,MI,48813-8514,517 543-5418,"Milk, Serves Ice Cream","MILK, SERVES ICE CREAM"
130004,M-55 Market,17275 Caberfae Hwy,Wellston,MI,49689-8514,231 848-4579,Milk,MILK
90348,M&A Mobil,3700 Chicago Dr.,Hudsonville,MI,49426-8514,616 662-1300,Milk,MILK
130770,Mac's Farm Market,6738 N Academy Road,Edmore,MI,48829,989-560-0541,"Milk, Serves Ice Cream","MILK, SERVES ICE CREAM"
130772,MacKersie Brothers,160 Northern Ave,Barryton,MI,49305,989-382-8600,Milk,MILK
131850,Magoo & Co.  (Sunoco),32140 M-40,Paw Paw,MI,49071-8514,269 628-2730,Milk,MILK
131876,Main Street Burgers ( KEY #73,6436 W Main,Eau Claire,MI,49111-4525,269 240-4369,"Milk, Serves Soft Serve","MILK, SERVES SOFT SERVE"
131874,Main Street C Store LLC,3440 Main St.,Deckerville,MI,48427-1695,810 376-6006,Milk,MILK
131871,Main Street Parlor,208 N Main St,Leslie,MI,49251,517-525-2887,"Sells Ice Cream, Serves Soft Serve","SELLS ICE CREAM, SERVES SOFT SERVE"
130782,Mangat Kwik Stop LLC,792 S. Angola Rd.,Coldwater,MI,49036-8514,517 238-2152,Milk,MILK
130793,Mantke's Mini Mart,60893 M-51,Dowagiac,MI,49047-8514,269 684-0027,Milk,MILK
130713,Manton Mini Mart,305 W Main St,Manton,MI,49663-2206,231-824-3752,Milk,MILK
130718,Maple Flow Farm LLC,111 S Sterling Street,Ashley,MI,48806,517-881-9443,Serves Soft Serve,SERVES SOFT SERVE
130714,Maple Island Marathon,831 Maple Island,Muskegon,MI,49442,231-788-5782,"Milk, Serves Ice Cream","MILK, SERVES ICE CREAM"
131894,Maple Valley Market,106 W. Second St.,Trufant,MI,49347-8514,616 984-6140,"Milk, Serves Ice Cream","MILK, SERVES ICE CREAM"
130635,Marathon-Keeler Super Stop,84060 CO-687,Hartford,MI,49057,269-621-3658,Milk,MILK
130049,Marathon - KJT Burger LLC,3951 E 10 Mile Rd,Warren,MI,48091-3080,586 755-6515,Milk,MILK
41799,Marathon Deo Volente 3 LLC,78 S. Ridge Dr,Port Sanilac,MI,48469-1695,810 622-8307,Milk,MILK
130056,Marathon On Mound,54950 Mound,Shelby Township,MI,48316-3080,586 781-2284,Milk,MILK
130349,"Marge's Donut Den, Inc.",1751 28th St SW,Wyoming,MI,49519,616 5327413,Milk,MILK
180608,Martha's Quick Stop #24,8464 Mt Morris Rd,Flushing,MI,48433,810-350-0038,"Milk, Serves Ice Cream","MILK, SERVES ICE CREAM"
130454,Martha's Vineyard,200 Union NE,Grand Rapids,MI,49503-8514,616 4590911,Milk,MILK
130500,Mary's Kountry Korner,2005 N Melita Rd,Sterling,MI,48659-6610,989 836-2888,Milk,MILK
130040,May May's Cones & Dogs,50463 M152,Dowagiac,MI,49047-4525,920 716-7316,Sells Ice Cream,SELLS ICE CREAM
130037,Mayberry Ice Cream,11184 Davison Rd,Davison,MI,48423,810-399-2293,Milk,MILK
130031,Mayfield Ice Cream Parlour,2341 N Lapeer Rd,Lapeer,MI,48446,810-338-2252,Sells Ice Cream,SELLS ICE CREAM
130030,Mazz's Endzone Party Store,224 N. Clinton,St Johns,MI,48879-1818,989 224-3535,Milk,MILK
131695,McBain Nursing Center LLC,220 S Hughston St,McBain,MI,49657,231-825-2990,Milk,MILK
131886,McBride Country Store,4315 Division,McBride,MI,48852-8514,989 762-5369,Milk,MILK
131989,McGregor's Country Store,3980 Henderson Lake Rd,Prescott,MI,48756-6610,989 873-3863,Milk,MILK
132598,McNally's Party Store,126 N Roland St,McBain,MI,49657-8514,231-825-2357,Milk,MILK
135052,Mega Tacos,3585 Clyde Park Ave,Wyoming,MI,49509,616-551-0309,Serves Soft Serve,SERVES SOFT SERVE
138107,Meijer 171 Cadillac CD,8605 E 34 RD,Cadillac,MI,49601-5719,Driver Peddle,Milk,MILK
138108,Meijer 180 Gr Haven CD milk,1500 US 31,Grand Haven,MI,49417-5719,Driver Peddle,Milk,MILK
138071,Meijer 19 Muskegon-CD,700 W Norton Ave,Muskegon,MI,49441-5719,Driver Peddle,Milk,MILK
138057,Meijer 19 Muskegon,700 W Norton Ave,Muskegon,MI,49441-9654,231 7399381,Serves Ice Cream,SERVES ICE CREAM
139008,Meijer 193 Ludington CD,3900 W. US10,Ludington,MI,49431-9601,Driver Peddle,Milk,MILK
139007,Meijer 193 Ludington IC,3900 W US 10,Ludington,MI,49431,231-845-3700,"Milk, Serves Ice Cream","MILK, SERVES ICE CREAM"
138148,Meijer 216 Standale CD,315 Wilson Ave NW,Standale,MI,49534-9601,Driver Peddle,Milk,MILK
138149,Meijer 217 Holland CD,3320 West Shore Drive,Holland,MI,49424-9601,Driver Peddle,Milk,MILK
138081,Meijer 232 Fruitport CD,5300 S. Harvey St,Muskegon,MI,49444-9601,Driver Peddle,Milk,MILK
138079,Meijer 232 Fruitport Twp,5300 S. Harvey St,Muskegon,MI,49444-1320,231 799-6900,Serves Ice Cream,SERVES ICE CREAM
138066,Meijer 236 Acme CD,4900  M-72 E,Williamsburg,MI,49690-1818,Driver Peddle,Milk,MILK
138052,Meijer 251 Lincoln CD Milk,5019 Red Arrow Highway,Stevensville,MI,49127-9601,Driver Peddle,Milk,MILK
138130,Meijer 271 South Haven CD,1223 Phoenix St,South Haven,MI,49090-7911,Driver Peddle,Milk,MILK
138112,Meijer 279 Manistee CD,15 Caberfae Hwy,Manistee,MI,49660-7911,Driver Peddle,Milk,MILK
138134,Meijer 310 Fremont CD,4665 South Green Ave,Fremont,MI,49412-7911,Drvier Peddle,Milk,MILK
138097,Meijer 33 Traverse City CD,3955 US31 South,Traverse City,MI,49684-1818,Driver Peddle,Milk,MILK
138119,Meijer 41 Benton Harbor CD,1920 Pipestone Rd,Benton Harbor,MI,49022-5719,Driver Peddle,Milk,MILK
138120,Meijer 47 Holland CD,746 East 16th St,Holland,MI,49423-5719,Driver Peddle,Milk,MILK
138123,Meijer 71 N Muskegon CD,1800 Holton Road,North Muskegon,MI,49445-5719,Driver Peddle,Milk,MILK
138064,Meijer 71 North Muskegon,1800 Holton Road,North Muskegon,MI,49445-9654,231 7447441,Serves Ice Cream,SERVES ICE CREAM
130455,Melli's Deli,1115 Washington Ave,Grand Haven,MI,49417,616-610-8027,Milk,MILK
130466,"Melting Moments, Inc",437 N Larch St,Lansing,MI,48912,517-374-0110,Serves Soft Serve,SERVES SOFT SERVE
130572,Mercedeze Rain Chocolates,140 N Main St,North Liberty,IN,46554,574-767-1583,Serves Soft Serve,SERVES SOFT SERVE
130575,Merindorf Meat - Mason,2289 West Barnes Road,Mason,MI,48854-8514,517 676-6039,"Milk, Serves Ice Cream","MILK, SERVES ICE CREAM"
130613,Merrill Gas LLC (Marathon),12025 South Merrill Rd,Brant,MI,48614-1695,989 643-7708,Milk,MILK
101848,MI Base Camp,7944 W Hazel Rd,Mears,MI,49436,231-873-5101,Milk,MILK
101853,Michelle's Cool Dip,1700 N Littlefield,Weidman,MI,48893,989-621-7838,Serves Soft Serve,SERVES SOFT SERVE
131509,Michi Michi,20536 15 Mile Rd,Clinton Township,MI,48035,586-630-0063,Serves Soft Serve,SERVES SOFT SERVE
132328,Michigan Electro Freeze Inc.,32  43rd St  SW,Wyoming,MI,49548-3080,616 534-1111,Serves Soft Serve,SERVES SOFT SERVE
131512,Michigan Food Market,G 4508 Van Slyke Rd,Flint,MI,48507-8514,810 410-4525,Milk,MILK
131520,Michigan St Univ-Dairy Totes,474 S Shaw Ln,East Lansing,MI,48824-1818,517 355-7713,Serves Soft Serve,SERVES SOFT SERVE
130220,Midway Party Store,3821 S. Evergreen,White Cloud,MI,49349-8514,231 689-2004,Milk,MILK
131848,Mikado Market,2276 F-41,Mikado,MI,48745-6610,989 736-3066,Milk,MILK
131852,Mike's Country Grocery,2005 E Gordonville Rd,Midland,MI,48640-6610,989 631-1262,Milk,MILK
131851,Mike And Tina's,13100 Territorial Rd,Stockbridge,MI,49285-8514,517 985-6044,Milk,MILK
131902,Mikey's Ice Cream,8279 Arnt Blvd,Watervliet,MI,49098,269-944-3344,Serves Soft Serve,SERVES SOFT SERVE
32505,Milk and Honey,240 E Front St,Traverse City,MI,49684-1818,231 392-2488,Milk,MILK
131396,Miller's Orchard,14711 Clinton River Rd,Sterling Heights,MI,48313-8514,586 247-2487,Milk,MILK
131429,Millie's Farms LLC,4988 S Croton Hardy Dr,Newaygo,MI,49337,231-381-0020,"Milk, Serves Ice Cream","MILK, SERVES ICE CREAM"
131434,Miners Grove,10 Miller Rd,East Tawas,MI,48730-6610,989 362-9691,"Milk, Serves Ice Cream","MILK, SERVES ICE CREAM"
131912,Mobil-32 Mile,16500 32 Mile,Ray Township,MI,48096-8514,586 336-0519,Milk,MILK
131926,Mobil-Featherstone,749 Featherstone St.,Pontiac,MI,48342-2143,248 332-3080,Milk,MILK
131913,Mobil-Van Dyke,3983 Van Dyke,Almont,MI,48003-8514,810 798-2886,Milk,MILK
131910,Mobil Mart,20700 Mack Ave,Grosse Pointe,MI,48236-8514,313 886-7110,Milk,MILK
132040,Momentum Center,401 N. 7th St.,Grand Haven,MI,49417,616 414-9111,Sells Ice Cream,SELLS ICE CREAM
130561,Mondays,113 Main Street,East Jordan,MI,49727,248-224-9397,Serves Soft Serve,SERVES SOFT SERVE
132080,Montague Foods-Frozen,8718 Water Street,Montague,MI,49437-7911,231 894-4378,Serves Ice Cream,SERVES ICE CREAM
132079,Montague Foods,8718 Water Street,Montague,MI,49437-7911,231 894-4378,"Milk, Serves Ice Cream","MILK, SERVES ICE CREAM"
132150,"Moo To You Dairy Services, LLC",8200 Grand River,Brighton,MI,48114,248-912-8441,Milk,MILK
130776,Moomers Homemade Ice Cream,7263 N. Long Lake Rd,Traverse City,MI,49684-1818,231 941-4122,"Milk, Serves Soft Serve","MILK, SERVES SOFT SERVE"
132703,Mooney's Ice Cream & Cakes,5982 State St,Saginaw,MI,48609,989-928-9361,"Sells Ice Cream, Serves Soft Serve","SELLS ICE CREAM, SERVES SOFT SERVE"
131708,Morley Citgo,301 S. Cass St,Morley,MI,49336-8514,231 307-3097,Milk,MILK
131710,Morley Depot I/C Shop,280 S Cass,Morley,MI,49336-8514,231 307-3112,Milk,MILK
131558,Mr Burger Allendale,6880 Lake Michigan Dr,Allendale,MI,49401,,Milk,MILK
131555,Mr Burger Hudsonville,5835 Balsam Dr.,Hudsonville,MI,49426,616 662-5088,Milk,MILK
131554,Mr. Bibs LLC,16421 Star Lake Dr,Baldwin,MI,49304-4525,231 898-3625,Milk,MILK
131553,MR. C'S Custom Cone LLC,8001 Elizabeth Lake Road,White Lake,MI,48386-4525,248 698-2663,Sells Ice Cream,SELLS ICE CREAM
131568,Mr. Grocery,53941 CR 388,Grand Junction,MI,49056-1768,516 808-3041,Milk,MILK
132078,Ms Fuels Inc,32050 Gratiot Ave.,Roseville,MI,48066-1768,586 294-5891,Milk,MILK
194272,MSU Dairy Store,474 South Shaw Lane,East Lansing,MI,48824,616-299-8878,Serves Soft Serve,SERVES SOFT SERVE
134273,MSU Duffy Daugherty Bldg,771 Chestnut Rd,East Lansing,MI,48824-1818,517-432-1015,Milk,MILK
134253,MSU Jenison Fieldhouse,48 Breslin Center,East Lansing,MI,48824-1818,517-432-1015,Milk,MILK
134256,MSU Jenison Fieldhouse(B1G XC),48 Breslin Center,East Lansing,MI,48824-1818,517-432-1015,Milk,MILK
130881,Mugg & Bopps #1,763 South Michigan Ave.,Howell,MI,48843-1818,517 546-2104,Milk,MILK
130890,Mugg & Bopps #10,9925 Spencer Rd.,Brighton,MI,48114-1818,810 227-8197,Milk,MILK
130904,Mugg & Bopps #11,5042 E Berry Rd,Pleasant Lake,MI,49272,517-769-6899,Milk,MILK
130892,Mugg & Bopps #12,137 North Main,Perry,MI,48872-1818,989 472-9001,Milk,MILK
130893,Mugg & Bopps #13,102 S. Morrice Rd.,Morrice,MI,48857-1818,989 472-9090,Milk,MILK
130894,Mugg & Bopps #14,921 E. Grand River Rd.,Howell,MI,48843-1320,517 546-9789,Milk,MILK
130895,Mugg & Bopps #15,9782 M-36,Whitmore Lake,MI,48189-1320,734 449-9204,Milk,MILK
130896,Mugg & Bopps #16,329 N. Main St.,Munith,MI,49285-8305,517 596-2727,Milk,MILK
130897,Mugg & Bopps #17,11055 Highland Rd.,Hartland,MI,48353-1818,810 991-0003,Milk,MILK
130898,Mugg & Bopps #18,1644 Pinkney Rd.,Howell,MI,48843-1320,517 545-0000,Milk,MILK
130899,Mugg & Bopps #19 Countryway Mk,7999 Mason Rd.,Fowlerville,MI,48836-8305,517 223-9178,Milk,MILK
130882,Mugg & Bopps #2,202 N. Michigan Ave.,Howell,MI,48843-1818,517 546-7370,Milk,MILK
130900,Mugg & Bopps #20 Chelsea,1630 S. Main Street,Chelsea,MI,48118-8305,734 433-5600,Milk,MILK
130902,Mugg & Bopps #21 Howell,6801 Oak Grove Rd.,Howell,MI,48855-8305,517 292-8250,Milk,MILK
130906,Mugg & Bopps #22 Chelsea,20490 M-52,Chelsea,MI,48118,734-475-9100,Milk,MILK
130883,Mugg & Bopps #3,211 East Main St.,Pinckney,MI,48169-1818,734 878-5620,Milk,MILK
130884,Mugg & Bopps #4,201 S. Clinton St.,Stockbridge,MI,49285-8305,517 851-7171,Milk,MILK
130885,Mugg & Bopps #5,2940 Baker Rd.,Dexter,MI,48130-1818,734 426-4075,Milk,MILK
130886,Mugg & Bopps #6,15241 North Holly Rd.,Holly,MI,48442-1428,248 634-3564,Milk,MILK
130887,Mugg & Bopps #7,106 East M 36,Gregory,MI,48137-1818,734 498-3604,Milk,MILK
130888,Mugg & Bopps #8,3864 Mount Hope Rd.,Grass Lake Twp,MI,49420-8305,517 522-3550,Milk,MILK
130889,Mugg & Bopps #9,433 Highland Rd.,Howell,MI,48843-1320,517 546-0101,Milk,MILK
130846,Muir Mini Mart,296 E Maple St,Muir,MI,48860-1818,989 855-2200,Milk,MILK
130875,Mulders Merchants,2131 Kalamazoo,Grand Rapids,MI,49507-1768,616 245-3470,Milk,MILK
60141,Munchy Llama KEY#83,3917 Leland Ave Ne,Comstock Park,MI,49321-0011,616 287-4777,Sells Ice Cream,SELLS ICE CREAM
132077,Murtle's Handmade Chocolates,112 W Main St,Owosso,MI,48867-6610,989 720-4050,Milk,MILK
130471,Mussell Beach,3540 State Park Rd,Bay City,MI,48706-1818,989 686-0575,"Milk, Serves Soft Serve","MILK, SERVES SOFT SERVE"
130475,MVP Sports Club,4035 Burton St SE,Grand Rapids,MI,49546,616 254-8800,Serves Soft Serve,SERVES SOFT SERVE
140249,Na-Tah-Ka,5826 N. Bass Lake Rd,Irons,MI,49644-4525,231 266-5430,Milk,MILK
140256,Nancy's @ The Lake,142 North Whitaker,New Buffalo,MI,49117-4525,269 469-4240,"Sells Ice Cream, Milk","SELLS ICE CREAM, MILK"
140258,Narrow Lake Country Store,8587 Narrow Lake Rd,Springport,MI,49284-1818,517 543-2538,Milk,MILK
140270,Nauti MI On The River,9260 McGregor Rd,Pinckney,MI,48169-4525,810 923 6394,Sells Ice Cream,SELLS ICE CREAM
141170,Nedo's Farm Market,4660 F-41,Mikado,MI,48745-6610,989 736-6649,Milk,MILK
142018,Neighborhood Party Store,11923 US 23 South,Ossineke,MI,49766-6610,989-471-2356,Milk,MILK
142026,Neiman's Family Mkt - Tawas,220 E. Lake St.,Tawas City,MI,48763-6610,989 362-9180,Serves Ice Cream,SERVES ICE CREAM
142027,Neimans Family Mkt D- Mayville,E15 E Main Street,Mayville,MI,48744,,Milk,MILK
142028,Neimans Family Mkt IC Mayville,E15 E Main Street,Mayville,MI,48744,,Serves Ice Cream,SERVES ICE CREAM
141875,Nelson's Farm Market,469 W 112th,Grant,MI,49327-3080,231 834-8441,"Milk, Serves Ice Cream","MILK, SERVES ICE CREAM"
141907,Newaygo Farm Bureau,PO Box 63,Remus,MI,49340,616-318-1944,Milk,MILK
141071,Nibbles,45 E Higgins Lake Dr,Roscommon,MI,48653-1818,248 719-1360,Serves Soft Serve,SERVES SOFT SERVE
142022,Nick's 22nd St Steak House,48900 VanDyke,Utica,MI,48317,586 731-3900,Milk,MILK
142029,Nienhuis Dairy Farm LLC,9347 Tyler St,Zeeland,MI,49464,616-836-6587,Milk,MILK
200651,Niles Lucky Stop,2326 S. 11th St.,Niles,MI,49120-1768,269 683-6553,Milk,MILK
142036,"Nini's Ice Cream, LLC",116 E Jackson St,Paulding,OH,45879,567-344-0260,Serves Soft Serve,SERVES SOFT SERVE
142043,Nixon's Grocery,15998 W Brant Rd,Brant,MI,48614-1695,989 585-3131,"Milk, Serves Ice Cream","MILK, SERVES ICE CREAM"
61613,Norm's Ice Cream Shop LLC,350 N 3rd Ave,Fruitport,MI,49415,616-888-7664,Sells Ice Cream,SELLS ICE CREAM
141075,North End Party Store,502 N Cochran Ave,Charlotte,MI,48813,517-543-8299,Milk,MILK
172801,North Shore Market,16177 Seymour Rd,Linden,MI,48451-4525,810-735-5030,Milk,MILK
141072,Northern Heights Citgo,11031 Northland Dr,Big Rapids,MI,49307-1768,231 592-8622,"Sells Ice Cream, Milk, Serves Ice Cream","SELLS ICE CREAM, MILK, SERVES ICE CREAM"
142556,Northside Market,6388 Bryant Rd.,Ludington,MI,49431-1768,231 843-4460,Milk,MILK
142559,Northside Party Store,2260 N. State St,Ionia,MI,48846-1818,616 527-6779,Milk,MILK
142575,Northview Party Store,23015 21 Mile Rd,Macomb,MI,48042-1768,586 949-4477,Milk,MILK
142578,Norton Mini Mart,3381 McCracken,Muskegon,MI,49441-1768,231 563-3711,Milk,MILK
142583,Novak Applied Technologies,1702 Suncrist St.,Midland,MI,48640,989-615-4701,Serves Soft Serve,SERVES SOFT SERVE
142814,Nuvu Fuels,1578 US-31 S,Manistee,MI,49660-4525,231 299-7119,Milk,MILK
150022,Oak Beach Pantry & Pizza,3371 Port Austin Rd,Port Austin,MI,48467-2206,989 738-0131,Milk,MILK
150462,Oh Five Scoop Shop LLC,1937 E State Blvd,Fort Wayne,IN,46805-4525,260 494-5219,Sells Ice Cream,SELLS ICE CREAM
150463,Oinks 2020 Inc. (KEY #13 ),227 W. Buffalo,New Buffalo,MI,49117-4525,517 819-0985,Sells Ice Cream,SELLS ICE CREAM
150507,Old 27 Ice Cream Shop,168 S 2nd St,Decatur,IN,46733-4525,260-302-4064,Serves Soft Serve,SERVES SOFT SERVE
150502,Old Orchard Park General Store,883 E River Road,Oscoda,MI,48750-6610,989 739-7814,Milk,MILK
150495,Ole Dam Rd Party Store,6622 W M-72 Hwy,Grayling,MI,49738,989-348-9675,Milk,MILK
151030,Oliver Gramm LLC,9866 Cherry Valley Ave SE,Caledonia,MI,49316,616-260-5477,"Milk, Serves Soft Serve","MILK, SERVES SOFT SERVE"
151020,OM Petroleum1 Inc.,4967 Lumber Jack Rd.,Elm Hall,MI,48830-1768,989 833-7311,Milk,MILK
155139,"Ope, It's Ice Cream",230 S. Adams St,Newaygo,MI,49337-4525,616 218-3395,Serves Soft Serve,SERVES SOFT SERVE
11458,Orangeville Fast Stop #4692,6989 Marsh Rd. ET,Shelbyville,MI,49344-1768,269 664-5149,Milk,MILK
150037,Orchard Market Freesoil,8400 N U.S. 31,Freesoil,MI,49411,231-464-5534,Milk,MILK
150036,Orchard Market Fruitport,6530  Airline Rd,Fruitport,MI,49415-7911,231 865-3435,"Milk, Serves Ice Cream","MILK, SERVES ICE CREAM"
150035,Orchard Market Spring Lake,17026 Lloyds Bayou Dr,Spring Lake,MI,49456-7911,616 844-6662,"Milk, Serves Ice Cream","MILK, SERVES ICE CREAM"
151262,Otisville Dairy Delight,430 S. State Rd,Otisville,MI,48463-4525,810 625-4826,Serves Soft Serve,SERVES SOFT SERVE
157232,Ottawa Beach Gen Store(KEY#107,2256 Ottawa Beach Rd,Holland,MI,49424-4525,616 836-3966,"Milk, Serves Soft Serve","MILK, SERVES SOFT SERVE"
152105,Outdoor Adventures - Davison,4392 N Irish Rd,Davison,MI,48423-1695,810 658-3388,"Sells Ice Cream, Milk, Serves Soft Serve","SELLS ICE CREAM, MILK, SERVES SOFT SERVE"
152103,Outdoor Adventures - Kalamazoo,8368 W C Ave,Kalamazoo,MI,49009-1768,269 337-0955,Milk,MILK
152110,Outdoor Adventures - Lkshr Grl,4392 N Irish Rd,Davison,MI,48423,810-658-3388,"Sells Ice Cream, Serves Soft Serve","SELLS ICE CREAM, SERVES SOFT SERVE"
152106,Outdoor Adventures - Mt Pleasa,340 N Loomis Rd,Mt Pleasant,MI,48858-1320,989 772-5953,Milk,MILK
152109,Outdoor Adventures Omer,1050 Husak Rd,Omer,MI,48749-6610,989 653-2224,Milk,MILK
152108,Outdoor Adventures Standish,4738 Foco Rd,Standish,MI,48658-1695,989 846-0128,"Sells Ice Cream, Milk, Serves Soft Serve","SELLS ICE CREAM, MILK, SERVES SOFT SERVE"
152107,Outdoor Adventures Sterling,334 Melita Rd,Sterling,MI,48659-2206,989 654-3195,Milk,MILK
157268,Owasippe Scout Reservation,9900 Russell Rd,Twin Lake,MI,49457-4525,859-356-8442,Milk,MILK
161793,Ox's Smoked Meats,113 W. Main St,Westphalia,MI,48894-1818,989 587-0070,Milk,MILK
160014,Paisley's Sugar Shack,5490 Butman Rd,Gladwin,MI,48624,989-426-3220,"Milk, Serves Soft Serve","MILK, SERVES SOFT SERVE"
141678,Pan Northside Beverage,135 N Main St,Three Rivers,MI,49093,269-279-7814,"Milk, Serves Ice Cream","MILK, SERVES ICE CREAM"
160025,Park Lake Creamery,6320 Park Lake Rd,Bath,MI,48808-1320,517 505-6939,Sells Ice Cream,SELLS ICE CREAM
160023,Park Lake Creamery Warehouse,15600 Peacock Rd,Haslett,MI,48808-1320,517 505-6939,Sells Ice Cream,SELLS ICE CREAM
162424,Parkside Store,8587 W. Silver Lake Rd.,Mears,MI,49436-9738,231 873-5457,"Milk, Serves Ice Cream","MILK, SERVES ICE CREAM"
160345,Pathway Home of Elsie,133 W Main St,Elsie,MI,48831-1818,989 862-4882,Milk,MILK
160341,Patriot Party Mart,517 N State St,Caro,MI,48723-1695,989 673-4249,"Sells Ice Cream, Milk, Serves Ice Cream","SELLS ICE CREAM, MILK, SERVES ICE CREAM"
160395,Peachwave,2359 Health Dr SW Ste 110,Wyoming,MI,49519,616-286-3225,Milk,MILK
160400,Pearly's Dairy King,291 N Michigan Ave,Beulah,MI,49617,231-620-7800,Serves Soft Serve,SERVES SOFT SERVE
162592,Pentwater Convenience Center,4374 W Monroe Rd,Pentwater,MI,49449-1768,231 869-4203,"Milk, Serves Ice Cream","MILK, SERVES ICE CREAM"
162590,Pentwater Dari Creme,11 N. Hancock,Pentwater,MI,49449-4525,,Milk,MILK
162522,Pentwater House of Flavors,210 S Hancock St,Pentwater,MI,49449-4525,231 869-4009,"Sells Ice Cream, Milk, Serves Soft Serve","SELLS ICE CREAM, MILK, SERVES SOFT SERVE"
162033,Pepperoni Cow,7161 Lakeshore Rd,Lakeport,MI,48059-4525,586 884-1973,"Sells Ice Cream, Milk","SELLS ICE CREAM, MILK"
162016,Perks of Frankfort,429 Main St,Frankfort,MI,49635,231-352-4500,Milk,MILK
160505,Pete's Party and Supply LLC,6521 N US 23,Oscoda,MI,48750-6610,989 739-1731,Milk,MILK
130633,Petro P-Bay Park Holland,372 E Lakewood Blvd,Holland,MI,49424-9613,616-396-4333,Milk,MILK
130626,Petro P-Beltline/3 Mil Mar 380,2808 E Beltline Ave NE,Grand Rapids,MI,49505-9613,616 363-4248,Milk,MILK
130632,Petro P-Caledonia BP #430,9633 Cherry Valley,Caledonia,MI,49316-9613,616 891-9080,Milk,MILK
130623,Petro P-Centerpoint Mar #340,2560 E Beltline Ave SE,Grand Rapids,MI,49546-9613,616 284-3070,Milk,MILK
130607,Petro P-Cornerstone BP #330,1169 East Beltline  NE,Grand Rapids,MI,49505-9613,616 285-2718,Milk,MILK
130636,Petro P-Dorr Marathon #470,4204 18th St,Dorr,MI,49323,616-681-9074,Milk,MILK
130609,Petro P-Fillmore BP #370,762 Cabill Drive,Holland,MI,49423-9613,616 392-7099,Milk,MILK
130615,Petro P-Gun Lake BP 415,1515 S. Patterson,Wayland,MI,49348-9613,269 792-2552,Milk,MILK
130625,Petro P-Hamilton Marathon #375,3416 Lincoln Rd,Hamilton,MI,49419-9613,269 751-2335,Milk,MILK
130604,Petro P-Lowell BP #412,403 West Main St,Lowell,MI,49331-9613,616 897-6143,Milk,MILK
130602,Petro P-Rivertown Marathon 308,3980 44th St SW,Grandville,MI,49418-9613,616 249-2822,Milk,MILK
130629,Petro P-Stanton Junction #460,9170 US 31,West Olive,MI,49460-9613,616 399-6900,Milk,MILK
130617,Petro P-Yankee Sp Marathon 415,11300 WM-179 HWY,Middleville,MI,49333-9613,269 792-2552,"Milk, Serves Soft Serve","MILK, SERVES SOFT SERVE"
130627,Petro P Fennville BP #402,409 East Main Street,Fennville,MI,49408-9613,269 561-5237,Milk,MILK
130634,Petro P Yellow Jacket,12011 Lake Michigan,West Olive,MI,49060-9738,616 928-9595,Milk,MILK
160160,Phoenix Rising Bakery,6725 S. Division,Grand Rapids,MI,49548,616 281-9790,Milk,MILK
160036,Pic -n- Pac,5187 S. Henry,Muskegon,MI,49444-1768,231 7981117,"Milk, Serves Ice Cream","MILK, SERVES ICE CREAM"
160030,Pickard St Citgo,910 W Pickard St,Mt Pleasant,MI,48858-1818,989 775-8303,Milk,MILK
160542,Pierside 23,2490 E Huron Rd,Au Gres,MI,48703-1695,989 876-7856,Milk,MILK
160545,Pig -N- Pizza LLC (KEY #36 ),60010 Corey Lake Rd,Three Rivers,MI,49093,269-244-9915,Sells Ice Cream,SELLS ICE CREAM
160039,Pinckney Bakery,169 E. Main St,Pinckney,MI,48169-4525,734 954-9198,Milk,MILK
160041,"Pine River General Store, LLC",10467 M-37,Wellston,MI,49689,517-202-7783,Milk,MILK
160137,Pioneer Party Store,6117 US-10,Custer,MI,49405-1768,231 757-9508,Milk,MILK
160610,Plane Food Market LLC,121 East Elizabeth St,Stockbridge,MI,49285-2143,517 795-8170,Milk,MILK
161897,Portage Store and Deli,5472 E Grand Lake Road,Presque Isle,MI,49777-1818,989 595-5095,Milk,MILK
161864,Post Family Farm LLC,5081 Bauer Road,Hudsonville,MI,49426-4525,616 669-1964,Milk,MILK
161044,Prescott Party Store,107 Sage Lake Rd,Prescott,MI,48756,989-873-3894,Milk,MILK
160543,Pufferbelly Ice Cream LLC,1022 Cass St.,Ft Wayne,IN,46808-8720,260 667-7465,Sells Ice Cream,SELLS ICE CREAM
140268,Pure Pastures,1102 Ann Arbor Rd,Plymouth,MI,48170-1768,248 231-6533,"Sells Ice Cream, Serves Ice Cream","SELLS ICE CREAM, SERVES ICE CREAM"
160660,Purtells LLC,409 S. Mable,Pinconning,MI,48650,989-879-4111,Sells Ice Cream,SELLS ICE CREAM
182192,Quality Dairy #18,2233 S. Cedar,Holt,MI,48842-9738,517 371-8918,Serves Soft Serve,SERVES SOFT SERVE
180596,Quick Stop 17,6015 S M 52,Owosso,MI,48867-9725,989 725-2575,"Milk, Serves Ice Cream","MILK, SERVES ICE CREAM"
180597,Quick Stop 18,135 S Saginaw St,Byron,MI,48418-9725,810 266-5149,"Milk, Serves Ice Cream","MILK, SERVES ICE CREAM"
180594,Quick Stop 19,1740 W Main St,Owosso,MI,48867-9725,989 723-9786,"Milk, Serves Ice Cream","MILK, SERVES ICE CREAM"
180599,Quick Stop 21,441 West Main St,Flushing,MI,48433-9725,810 4870602,Milk,MILK
180598,Quick Stop 22,8995 E  M 21,Corunna,MI,48817-9725,810 6213607,Milk,MILK
180592,Quick Stop 26,8982 E. Lansing Rd,Durand,MI,48429-9725,989 288-6229,Milk,MILK
180604,Quick Stop IC 17,6015 S M 52,Owosso,MI,48867-9725,989 725-2575,"Milk, Serves Ice Cream","MILK, SERVES ICE CREAM"
170527,Quickwater Coffee ( KEY #76 ),8 E Bridge St NE Ste 102,Rockford,MI,49341-3080,616 466-4723,Milk,MILK
170530,Quickway Liquor LLC,04237 CO RD 687,South Haven,MI,49090-1768,516 808-3041,Milk,MILK
182635,R & S Party Store,3543 Byron Center,Wyoming,MI,49509-1768,616 532-4340,Milk,MILK
182634,R Store,582 10th Street,Plainwell,MI,49080,269-685-5899,Milk,MILK
180536,Ralph's Food Market,655 Leonard St. NW,Grand Rapids,MI,49504,616-451-2791,"Milk, Serves Ice Cream","MILK, SERVES ICE CREAM"
181206,Ray's Drive In,20 N. Beacon Blvd,Grand Haven,MI,49417-4525,616 842-3400,Serves Soft Serve,SERVES SOFT SERVE
181871,Ray's Mini Mart-OutdoorPS Milk,2210 Holton Rd.,Muskegon,MI,49445,231-744-7436,Milk,MILK
180814,Red Egg Creamery,309 Main St,Spring Arbor,MI,49283,517-937-5926,"Milk, Serves Soft Serve","MILK, SERVES SOFT SERVE"
180826,Red Tricycle Ic Cream (KEY #37,3112 South Westnedge,Kalamazoo,MI,49008,269 532-9549,Serves Soft Serve,SERVES SOFT SERVE
180825,Red Wok,1679 E Sherman Blvd,Muskegon,MI,49444,231 739-8886,Serves Soft Serve,SERVES SOFT SERVE
180833,Redwing Corner,10982 Old 27 Hwy N,Vanderbilt,MI,49795,989-306-0321,Milk,MILK
182612,Renfroes Dairy Delight,236 W Leigh St,Homer,MI,49245-4525,517 418-0025,Sells Ice Cream,SELLS ICE CREAM
182624,Rescue Mission,400 W. Laketon,Muskegon,MI,49442-3080,231 7276090,Milk,MILK
180558,Rich's Country Store,6237 Bishop Rd,Lansing,MI,48911-1768,517 882-1772,"Milk, Serves Ice Cream","MILK, SERVES ICE CREAM"
181855,Rita's Twisty Freeze,3780 W Huron Rd,Standish,MI,48658-6610,989 225-5421,Sells Ice Cream,SELLS ICE CREAM
180068,River Ridge Family Campground,1989 W Pine River Rd,Breckenridge,MI,48615,989-842-5184,"Milk, Serves Soft Serve","MILK, SERVES SOFT SERVE"
180577,River View Campground,5755 N. Townline Rd,Sterling,MI,48659-6610,989 654-2447,Milk,MILK
180030,Riverdale High Hills,10958 W. Monroe Rd,Riverdale,MI,48877-1768,989 833-7100,Milk,MILK
180048,Rivermart Inc.,10450 S. Warner Ave.,Fremont,MI,49412-3080,231 924-7952,Milk,MILK
180052,Riverside Canoes,5042 Scenic Hwy,Honor,MI,49640-2206,231 325-5622,"Sells Ice Cream, Milk, Serves Soft Serve","SELLS ICE CREAM, MILK, SERVES SOFT SERVE"
180580,Riverview Coffee,108 S Saginaw St,Byron,MI,48418,989-721-0306,Milk,MILK
181169,Roadtrip Oasis #751 Perry,3034 W. Lansing Rd,Perry,MI,48872-1818,517 6251112,Milk,MILK
180849,Rochette Party Store,508 N James St,Grayling,MI,49738-1818,989 348-9612,Milk,MILK
180855,Rock Church,3710 Chicago Dr,Grandville,MI,49418,616-970-3605,Serves Soft Serve,SERVES SOFT SERVE
110483,Rocky Top Frozen Treats,500 W Ervin Rd,Van Wert,OH,45891,419-238-4800,Serves Soft Serve,SERVES SOFT SERVE
182609,Rodriguez Supermarket #1,2829 Division SW,Wyoming,MI,49548,616-246-0970,"Milk, Serves Ice Cream","MILK, SERVES ICE CREAM"
182607,Rodriguez Supermarket #2,1428 Grandville Ave.,Grand Rapids,MI,49503-1768,616 371-1233,Milk,MILK
182623,Rogers Fam Mkt Lake City IC,5760 West Houghton Lake Road,Lake City,MI,49651-6610,231 295-1208,"Milk, Serves Ice Cream","MILK, SERVES ICE CREAM"
182625,Rogers Fam Mkt Lake City MILK,5760 West Houghton Lake Road,Lake City,MI,49651-6610,231-295-1208,Milk,MILK
182626,Rogers Family Mkt Auburn IC,985 W. Midland Rd.,Auburn,MI,48611-9725,989-662-2352,Serves Ice Cream,SERVES ICE CREAM
182619,Rogers Family Mkt Auburn MILK,985 W. Midland Rd.,Auburn,MI,48611-9725,989 662-2352,"Milk, Serves Ice Cream","MILK, SERVES ICE CREAM"
182620,Rogers Family Mkt Glennie MILK,3257 S State Rd,Glennie,MI,48737-6610,989 735-3361,"Milk, Serves Ice Cream","MILK, SERVES ICE CREAM"
182621,Rogers Family Mkt Hale MILK,3195 N  M65,Hale,MI,48739-6610,989 728-2711,Milk,MILK
182622,Rogers Family Mkt Oscoda MILK,5112  US 23,Oscoda,MI,48750-6610,989 569-6304,Milk,MILK
180705,Roosters Food Mart,1607 Lakeshore Dr,St Joseph,MI,49085-1768,269 983-4381,Milk,MILK
180706,Root Coffee House,120 E. Main,Fennville,MI,49408-3080,269 512-1171,"Sells Ice Cream, Milk","SELLS ICE CREAM, MILK"
180700,Rooted,520 South Williams St,Mancelona,MI,49659-1818,231 916-2520,Sells Ice Cream,SELLS ICE CREAM
182661,Rosati's Mkt #2 Beaverton IC,360 N Ross St,Beaverton,MI,48612,989-435-7712,Serves Ice Cream,SERVES ICE CREAM
182651,Rosati's Mkt #2 Beaverton MILK,360 N Ross St,Beaverton,MI,48612,989-435-7712,"Milk, Serves Ice Cream","MILK, SERVES ICE CREAM"
182663,Rosati's Mkt #3 Beaverton IC,4516 M-30,Beaverton,MI,48612,989-435-9131,Serves Ice Cream,SERVES ICE CREAM
182654,Rosati's Mkt #3 Beaverton MILK,4516 M-30,Beaverton,MI,48612,989-435-9131,"Milk, Serves Ice Cream","MILK, SERVES ICE CREAM"
182659,Rosati's Mkt Hemlock IC,176 Hemlock Plaza Dr,Hemlock,MI,48626,989-301-0129,Serves Ice Cream,SERVES ICE CREAM
182657,Rosati's Mkt Hemlock MILK,176 Hemlock Plaza Dr,Hemlock,MI,48626,989-301-0129,"Milk, Serves Ice Cream","MILK, SERVES ICE CREAM"
182660,Rosati's Mkt Prescott IC,1830 E Greenwood Rd,Prescott,MI,48756,989-873-4425,Serves Ice Cream,SERVES ICE CREAM
182650,Rosati's Mkt Prescott MILK,1830 E Greenwood Rd,Prescott,MI,48756,989-873-4425,"Milk, Serves Ice Cream","MILK, SERVES ICE CREAM"
180869,Rosie's Ice Cream and More,34 LAKE ST,Sand Lake,MI,49343-4525,616 636-6000,"Sells Ice Cream, Serves Soft Serve","SELLS ICE CREAM, SERVES SOFT SERVE"
182630,Rotif Company (Sunoco),279 CR 665,Paw Paw,MI,49079-2206,269 370-0942,Milk,MILK
182664,Roxy's Heavenly Scoops,112 S Center St,Bremen,IN,46506,574-301-1367,Sells Ice Cream,SELLS ICE CREAM
182655,RP Oil (Phillips 66),1729 S M-37,Hastings,MI,49058-1768,269 804-3060,Milk,MILK
182374,Ruby's Sandwich Shoppe,110 E Michigan Ave,Paw Paw,MI,49079-4525,269 655-0120,Sells Ice Cream,SELLS ICE CREAM
182376,Rudy's Drive In,4061 Page Ave,Michigan Center,MI,49254-1320,517 764-7839,Serves Soft Serve,SERVES SOFT SERVE
182373,Runway Party Store,4122 W Michigan Ave,Jackson,MI,49202,517-539-5138,Milk,MILK
182379,Ruth Ann's Ice Cream,605 N Scenic Dr,North Muskegon,MI,49445-4525,517-930-2169,"Sells Ice Cream, Serves Soft Serve","SELLS ICE CREAM, SERVES SOFT SERVE"
182385,Ruthie's Dairy Twist,201 N. Bridge St,Bellaire,MI,49615-1818,231 633-4928,Milk,MILK
30194,S.Holland Capt Sundae (KEY #2),247 W. 40th,Holland,MI,49423-4525,616 836-6801,"Milk, Serves Soft Serve","MILK, SERVES SOFT SERVE"
195130,Saganing Sagamok Mobil,5537 Huron Rd.,Pinconning,MI,48650-6610,989 846-6703,Milk,MILK
192770,Sales Samples,5850 Balsam,Hudsonville,MI,,,"Sells Ice Cream, Milk, Serves Soft Serve","SELLS ICE CREAM, MILK, SERVES SOFT SERVE"
190555,Sandy's Donuts,2040 Leonard NW,Grand Rapids,MI,49504,616 453-4259,Milk,MILK
190596,Sandy's Market (GBS P & S LLC),1057 Estey Rd,Beaverton,MI,48612-9725,989 435-9688,Milk,MILK
190597,Sandy Dunes Mini Golf,2755 Port Austin Rd,Port Austin,MI,48467-4525,248 210-6576,Sells Ice Cream,SELLS ICE CREAM
195074,Sandy Pines Cafe ( KEY #66 ),2745 136th Ave,Hopkins,MI,49328-4525,269 808-6354,Milk,MILK
190048,Sanilac County 4-H Teen Shack,210 N Dawson St/Fairgrounds,Sandusky,MI,48416,810-705-0222,Milk,MILK
190728,Saugatuck Drug,201 Butler St,Saugatuck,MI,49453-4525,269 8572300,Serves Soft Serve,SERVES SOFT SERVE
100734,Save A Lot Baldwin,740 Denmark St,Baldwin,MI,49304,231-745-0225,Milk,MILK
30955,SB Chocolate Cafe St Joe,300 State St,St Joseph,MI,49085-4525,269 985-9866,Sells Ice Cream,SELLS ICE CREAM
20087,Biggby #783 Dowagiac,202 W. Prairie Ronde St.,Dowagiac,MI,49047,269 423-2892,Milk,MILK
192590,Scoops - Shepherd,227 W Wright Ave,Shepherd,MI,48883,989-289-6720,Serves Soft Serve,SERVES SOFT SERVE
21892,"Scoops and Smiles, Inc",5820 S. 600E,Knox,IN,46534,574-249-5440,Sells Ice Cream,SELLS ICE CREAM
192573,Scoops Cheboygan,106 S Main St,Cheboygan,MI,49721-4525,231 420-5085,Sells Ice Cream,SELLS ICE CREAM
192583,Scoops Ice Cream Cafe',209 E. Railway St,Coleman,MI,48618-6610,734 788-7781,Sells Ice Cream,SELLS ICE CREAM
192588,Scoops Of Fun,3331 IN-127,Angola,IN,46703-4525,260 319-0633,Sells Ice Cream,SELLS ICE CREAM
192576,Scoopy-Doo's,126 N. Bridge St,DeWitt,MI,48820-1320,517 669-9186,"Sells Ice Cream, Serves Soft Serve","SELLS ICE CREAM, SERVES SOFT SERVE"
190088,Scooters Bean Me Up LLC,15175 N Holly Rd,Holly,MI,48442,248-240-6853,Milk,MILK
190085,Scooters Coffee 28th Street,6432 28th St SE,Cascade,MI,49546,248-565-6650,"Milk, Serves Soft Serve","MILK, SERVES SOFT SERVE"
190082,Scooters Coffee Big Rapids,1278 Perry Ave,Big Rapids,MI,49307,248-565-6650,"Milk, Serves Soft Serve","MILK, SERVES SOFT SERVE"
190073,Scooters Coffee Brighton,910 W Grand River Ave,Brighton,MI,48116-1428,810 291-2809,"Milk, Serves Soft Serve","MILK, SERVES SOFT SERVE"
190074,Scooters Coffee Burton,1242 E Bristol Rd,Burton,MI,48529-1428,810 820-3557,"Milk, Serves Soft Serve","MILK, SERVES SOFT SERVE"
190079,Scooters Coffee Commerce Twp,2745 Union Lake Rd,Commerce Twp,MI,48382,248-982-6191,"Milk, Serves Soft Serve","MILK, SERVES SOFT SERVE"
190083,Scooters Coffee Kentwood,2380 44th St SE,Kentwood,MI,49508,616-919-4490,"Milk, Serves Soft Serve","MILK, SERVES SOFT SERVE"
190087,Scooters Coffee Livonia,19100 Farmington Road,Livonia,MI,48152,517-490-9728,Milk,MILK
190084,Scooters Coffee Plainfield,3150 Plainfield Ave NE,Grand Rapids,MI,49525,248-565-6650,"Milk, Serves Soft Serve","MILK, SERVES SOFT SERVE"
190075,Scooters Coffee Plymouth,1490 W Ann Arbor Rd,Plymouth,MI,48170-1428,734 645-8475,Milk,MILK
190077,Scooters Coffee Sterling Hgt,39890 Van Dyke Rd,Sterling Heights,MI,48659,231-735-5149,"Milk, Serves Soft Serve","MILK, SERVES SOFT SERVE"
190081,Scooters Coffee Sylvania,3785 King Rd,Toledo,OH,43617,419-517-1354,"Milk, Serves Soft Serve","MILK, SERVES SOFT SERVE"
190078,Scooters Coffee Taylor,10025 Telegraph Rd,Taylor,MI,48180,313-429-9119,Milk,MILK
190080,Scooters Coffee Toledo,4023 Talmadge Rd,Toledo,OH,43623,419-469-2739,"Milk, Serves Soft Serve","MILK, SERVES SOFT SERVE"
190090,Scooters Malt Shoppe,8399 South 36th Street,Scotts,MI,49088,269-626-8860,Serves Soft Serve,SERVES SOFT SERVE
192220,Sebewaing Market,536 Pine St,Sebewaing,MI,48759-9725,989 545-1183,Milk,MILK
192240,Sewa And Sons (Clark),2080 W. Hyde Rd,St Johns,MI,48879-1818,989 227-7277,Milk,MILK
192245,SGND Marathon,310 East Main St.,Benton Harbor,MI,49022,516 808-3041,Milk,MILK
192253,Shaftsburg Village Market,6840 W Beard Rd,Shaftsburg,MI,48882-1818,517 675-5142,Milk,MILK
192015,Shelby Corner Market,4252 W. Shelby Rd.,Shelby,MI,49455-1768,231 861-0010,Milk,MILK
192333,Shell Station Lakeshore,4559 Red Arrow Hwy,Stevensville,MI,49127-9738,269 4292821,Milk,MILK
192334,Shell Station Napier,1959 E. Napier,Benton Harbor,MI,49022-9738,269 9252925,Milk,MILK
202019,Shephardsville Corner Store,7002 E M21,Ovid,MI,48866-1818,602 373-4663,"Sells Ice Cream, Milk, Serves Ice Cream","SELLS ICE CREAM, MILK, SERVES ICE CREAM"
31887,Shiawassee County Jail,201 E McArthur St,Corunna,MI,48817,,Milk,MILK
192558,Short & Sweet,2008 Greenwood Rd,Prescott,MI,48756,989-220-7452,Serves Soft Serve,SERVES SOFT SERVE
192564,Shorts Rootbeer Stand,378 W Chicago St,Coldwater,MI,49036,517-279-9048,"Milk, Serves Soft Serve","MILK, SERVES SOFT SERVE"
192568,Shorty's Ice Cream & Pizza LLC,12024 Cypress,Sand Lake,MI,49343-4525,616 636-5091,Serves Soft Serve,SERVES SOFT SERVE
192385,Sibley Convenience Store,7999 11 Mile Rd.,Bitely,MI,49309-1768,231 742-8203,Milk,MILK
182786,Silver Gas LLC,5748 Round Lake Rd,Laingsburg,MI,48848,517-616-9393,"Milk, Serves Ice Cream","MILK, SERVES ICE CREAM"
192545,Silver Hills Campground,7575 W Taylor Rd,Mears,MI,49436,231-873-3976,Serves Soft Serve,SERVES SOFT SERVE
192515,Silver Lake Resort/Campground,1786 N 34th Ave.,Mears,MI,49436-4525,231 873-7199,Milk,MILK
192512,Silver Lake Shore Gas N Go,8214 W Hazel,Mears,MI,49436,231-301-8377,"Milk, Serves Ice Cream","MILK, SERVES ICE CREAM"
192787,Silver Point General Store,8447 W. Hazel Rd.,Mears,MI,49436-1768,231 873-0873,Milk,MILK
192514,Silver Scoops Cafe & Creamery,8450 Hazel Rd,Mears,MI,49436-4525,231 769-8747,Serves Soft Serve,SERVES SOFT SERVE
192531,Simply Coffee LLC,809 S. Michigan Ave.,Manton,MI,49663-1768,231 357-2791,Milk,MILK
192518,Sin Fronteras,2437 S Division,Wyoming,MI,49507-1768,616 246-5810,Milk,MILK
220060,Skoops Ice Cream,16830 Robbins Rd,Grand Haven,MI,49417-4525,616 6380642,Serves Soft Serve,SERVES SOFT SERVE
190518,Skys Outlet,100 Woodworth Ave,Alma,MI,48801,989-463-4300,Milk,MILK
190516,Skys Outlet II,1310 Brady St,Chesaning,MI,48616,989-323-2125,Milk,MILK
190517,Skys Outlet III,1256 S Poseyville Rd,Midland,MI,48640,989-631-1330,Milk,MILK
190606,Small Town Scoops,5716 State St,Saginaw,MI,48603,989-332-9094,Sells Ice Cream,SELLS ICE CREAM
190611,Smitty's,218 E. Saginaw,Breckenridge,MI,48615-9725,989 842-5534,Milk,MILK
21397,Smitty's Spec Beverage,1489 Lake Drive SE,Grand Rapids,MI,49506-1768,616 4510640,Milk,MILK
190601,Snack Shack,210 E. Prosper Road,Falmouth,MI,49632-1768,231 826-4199,Milk,MILK
190612,SNK BP,715 W. Michigan Ave.,Three Rivers,MI,49093-1768,616 325-6190,Milk,MILK
192520,Sobie Meats LLC,3450 Remembrance Rd Nw,Walker,MI,49534-2206,616 453-7201,"Milk, Serves Ice Cream","MILK, SERVES ICE CREAM"
190667,Soft Spot,9622 Port Sheldon,Borculo,MI,49464-4525,616 875-7575,"Sells Ice Cream, Milk, Serves Soft Serve","SELLS ICE CREAM, MILK, SERVES SOFT SERVE"
190705,South Branch General,6386 E. Country Line Rd.,South Branch,MI,48761-6610,989 257-4463,"Milk, Serves Ice Cream","MILK, SERVES ICE CREAM"
190704,South Branch Market,3999 E M72 Hwy,Grayling,MI,49738-6610,989-344-0404,Milk,MILK
190945,South Haven Dairy Bar-Shermans,1601 Phoenix St,South Haven,MI,49090,269-312-3760,Sells Ice Cream,SELLS ICE CREAM
190931,South Haven Family Campground,03403 64th Street,South Haven,MI,49090-4525,269 637-6153,"Milk, Serves Soft Serve","MILK, SERVES SOFT SERVE"
190711,South Pier Creamery (KEY #22),407 Phoenix St,South Haven,MI,49090,269 637-5372,Serves Ice Cream,SERVES ICE CREAM
191850,South Westnedge Market,819 S Westnedge,Kalamazoo,MI,49008-7911,269 383-0000,Milk,MILK
191851,Southern Spoon,11332 M-179 Hwy,Middleville,MI,49333,616-745-6221,"Sells Ice Cream, Milk","SELLS ICE CREAM, MILK"
190709,Southside General Store,442 S. Sandusky Rd,Sandusky,MI,48471-9725,810 537-5003,"Sells Ice Cream, Milk","SELLS ICE CREAM, MILK"
190714,Southside Scoops LLC,302 S Broadway,Peru,IN,49670,765-472-4041,Sells Ice Cream,SELLS ICE CREAM
191846,Spagnuolo's Party Store,5746 Clark Rd.,Bath,MI,48808-1818,517 641-6587,"Milk, Serves Ice Cream","MILK, SERVES ICE CREAM"
191876,Spike & Mike,967 E. Fulton,Grand Rapids,MI,49503-2206,616 454-3634,Milk,MILK
192547,Spinners,12837 Lincoln St.,Grand Haven,MI,49417-2206,616 8425410,"Milk, Serves Ice Cream","MILK, SERVES ICE CREAM"
192541,Spot Gas Stop LLC,9021 Howard City Edmore Rd.,Vestaburg,MI,48891-2206,989 268-5280,Milk,MILK
191429,"Spring Lake Mini Mart, LLC",17176 W. Spring Lake Rd,Spring Lake,MI,49456,616-296-2040,"Milk, Serves Ice Cream","MILK, SERVES ICE CREAM"
191213,Sprinkle Road BP,3530 Sprinkle Rd,Kalamazoo,MI,49001-2206,269 383-4431,Milk,MILK
191216,Sprinkles Donut  Ada,452 Ada Dr SE Suite 130,Ada,MI,49301-3080,616 797-4320,Milk,MILK
191221,Sprinkles Donut  Holland,62 W Eighth St,Holland,MI,49423,616-377-5263,Milk,MILK
191212,Sprinkles Donut  Hudsonville,6450 28th Ave,Hudsonville,MI,49426-3080,616 797-4320,Milk,MILK
191214,Sprinkles Donut  Rockford,8467 Algoma Ave NE,Rockford,MI,49341-3080,616 797-4320,Milk,MILK
191215,Sprinkles Donut Allendale,11145 68th Ave. Ste A,Allendale,MI,49401-3080,616 986-1413,Milk,MILK
191218,Sprinkles Donut Caledonia,9365A Cherry Valley Ave,Caledonia,MI,49316-3080,616 589-1939,Milk,MILK
191219,Sprinkles Donut Grand Rapids,1237 Leonard,Grand Rapids,MI,49505-3080,616 634-4793,Milk,MILK
191211,Sprinkles Donut Norton Shores,4165 Grand Haven Rd,Norton Shores,MI,49441-3080,231 457-4158,Milk,MILK
191220,Sprinklez DeLight LLC,5657 W Fox Rd,Mears,MI,49436-4525,231 301-8381,Sells Ice Cream,SELLS ICE CREAM
120063,Square Scoop,"1028 Virginia Ave, Ste 100",Indianapolis,IN,46203,317-426-3320,"Sells Ice Cream, Milk","SELLS ICE CREAM, MILK"
191449,SS Gorman's Food Mkt,2800 N Grand River Ave,Lansing,MI,48906,517-321-4944,"Milk, Serves Ice Cream","MILK, SERVES ICE CREAM"
191051,St. Charles Oil Co.,635 N. Saginaw Rd.,St Charles,MI,48655-9725,989 865-6371,Milk,MILK
191198,St. Joseph County 4-H Youth,612 East Main St.,Centreville,MI,49032-2206,269 506-0199,Milk,MILK
190153,St. Louis Marathon,705 E Washington St,St Louis,MI,48880-1818,989 681-2926,"Milk, Serves Ice Cream","MILK, SERVES ICE CREAM"
191052,St. Mary - The Ark,103 W. Main St.,Westphalia,MI,48894-1320,989 526-3617,Serves Soft Serve,SERVES SOFT SERVE
192779,Station 66 LLC,4588 D Drive South,Battle Creek,MI,49015-4525,269 979-5766,Milk,MILK
191065,Stoney Lake Lutheran,7898 W. Stoney Lake Road,New Era,MI,49446-9613,231 8614138,Milk,MILK
191091,Stoney Lake Store,4724 S. Scenic Dr,Shelby,MI,49455-2206,231 861-4412,"Milk, Serves Soft Serve","MILK, SERVES SOFT SERVE"
191085,Stop & Shop,5008 S MLK Jr Blvd,Lansing,MI,48910,517-318-6940,Milk,MILK
191087,Stop n Go,15610 E.13 Mile,Roseville,MI,48066-2143,586 945-0818,Sells Ice Cream,SELLS ICE CREAM
191090,Story's Meats & Deli,11761 Northland Dr.  NE,Rockford,MI,49341-2206,616 696-8862,"Sells Ice Cream, Milk, Serves Ice Cream","SELLS ICE CREAM, MILK, SERVES ICE CREAM"
191066,Stoyanna's,5031 Brooklyn Rd,Jackson,MI,49201-1320,517 240-5261,"Sells Ice Cream, Serves Soft Serve","SELLS ICE CREAM, SERVES SOFT SERVE"
80305,Stray's General LLC,14150 Cypress Ave,Sand Lake,MI,49343,616-636-1185,Milk,MILK
190550,Sugar Rush Sweets,925 S. Main Street -G3,Frankenmuth,MI,48734,989-652-2578,Sells Ice Cream,SELLS ICE CREAM
190526,Sully's Sweet Shop #1,317 E. Central Ave.,Mackinaw City,MI,49701-1818,989 737-3333,"Milk, Serves Soft Serve","MILK, SERVES SOFT SERVE"
190544,Sully's Sweet Shop #2,260 S. Huron Ave.@ THE CRSNGS,Mackinaw City,MI,49701-1818,989 737-3333,Serves Soft Serve,SERVES SOFT SERVE
198246,Sun Up Foodmart,1604 E. Superior St.,Alma,MI,48801-1818,989 463-5272,Milk,MILK
190560,Sundae's Afternoon,406 Center St,Omer,MI,48749,989-653-2043,Sells Ice Cream,SELLS ICE CREAM
190557,Sundaes At The Park (KEY #84),182 N. State St,Sparta,MI,49345-4525,616 299-4625,"Sells Ice Cream, Serves Soft Serve","SELLS ICE CREAM, SERVES SOFT SERVE"
190628,Sunoco 32 Mile Rd,16567 32 Mile Rd.,Armada Park,MI,48005-2206,248-982-5031,Milk,MILK
190143,Sunrise #36 Midland,3001 Bay City Rd,Midland,MI,48642-9725,989-496-9525,Milk,MILK
190144,Sunrise #62 Bay City,1100 S. Euclid Ave,Bay City,MI,48706-2902,(989) 686-0170,Milk,MILK
192356,Super Cone Cafe,304 E McNeil,Corunna,MI,48817,989-720-1290,"Sells Ice Cream, Serves Soft Serve","SELLS ICE CREAM, SERVES SOFT SERVE"
192368,Super Flite Oil- Middle Branch,12723 M-115,Marion,MI,49665-2206,989 798-0647,Milk,MILK
190028,Super La Esmeralda (KEY #46 ),1633 28th St SW Suite J,Wyoming,MI,49519-2206,616 708-7499,Milk,MILK
190025,Super Mercado Chicago Dr.,1160 Chicago Dr. SW,Grand Rapids,MI,49509-2206,616 2457443,Milk,MILK
190026,Super Mercado Division,3375 S. Division Ave STE A,Wyoming,MI,49548-2206,616 633-9447,Milk,MILK
192371,Super Stop,2390 W Sherman,Muskegon,MI,49441-2206,231 638-7065,Milk,MILK
198238,"Supermercado San Jose, LLC",3778 Alpine Ave NW,Comstock Park,MI,49321-5394,616 265-5382,Milk,MILK
190583,Swamper's,14360 S. Grange,Eagle,MI,48822-1818,517 627-9135,"Milk, Serves Ice Cream","MILK, SERVES ICE CREAM"
190591,Swan Lake Store LLC,658 42nd St.,Allegan,MI,49010-2206,269 521-6510,Milk,MILK
190564,Sweet B's Ice Cream,"2038 Cass Lake Rd, Ste 9",Keego Harbor,MI,48320,810-962-0135,Serves Soft Serve,SERVES SOFT SERVE
190569,Sweet Rewards (KEY #87 ),6969 S Division,Grand Rapids,MI,49508-4525,616 893-2202,Serves Soft Serve,SERVES SOFT SERVE
198256,Sweet Sensation of Holt,1963 Cedar St,Holt,MI,48842,517-694-6922,"Sells Ice Cream, Serves Soft Serve","SELLS ICE CREAM, SERVES SOFT SERVE"
190565,Sweet Serendipity LLC (KEY #27,101 S First St,Edmore,MI,48829-4525,989 427-3119,Serves Soft Serve,SERVES SOFT SERVE
40203,Sweet Temptations Allegan,815 Marshall St,Allegan,MI,49010-4525,269 806-9831,Serves Soft Serve,SERVES SOFT SERVE
198232,Sweetfern Cafe & Emporium Inc,7595 W 5 Mile Rd,Irons,MI,49644-2206,231 690-3362,"Sells Ice Cream, Milk, Serves Ice Cream","SELLS ICE CREAM, MILK, SERVES ICE CREAM"
198263,Sweets On Main (KEY #111),123 W Main Street,Ft Wayne,IN,46802,260-424-0244,Sells Ice Cream,SELLS ICE CREAM
202021,Tacon Madre,3501 S Division,Wyoming,MI,49548-4525,616 218-5495,Serves Soft Serve,SERVES SOFT SERVE
202029,Tailgaters Delta,4930 S Creyts Rd,Lansing,MI,48917,517-657-1144,Milk,MILK
202028,Tailgaters Holt,3517 Holt Rd,Holt,MI,48842,517-709-3230,"Milk, Serves Ice Cream","MILK, SERVES ICE CREAM"
202030,Tailgaters LLC,3955 Ernest Way,Lansing,MI,48906,517-730-1670,"Milk, Serves Ice Cream","MILK, SERVES ICE CREAM"
202031,Talking Bear Eats,203 N Michigan St #1,Plymouth,IN,46563,574-784-1004,Sells Ice Cream,SELLS ICE CREAM
131318,Tastee Treat - Fennville,744 East Main Street,Fennville,MI,49408-4525,269 561-2236,"Sells Ice Cream, Serves Soft Serve","SELLS ICE CREAM, SERVES SOFT SERVE"
201253,Tastee Twirl (KEY #108 ),220 S. Broadway,Cassopolis,MI,49031-4525,269 445-3837,"Sells Ice Cream, Serves Soft Serve","SELLS ICE CREAM, SERVES SOFT SERVE"
201256,Tasty Creationz,8547 Silver Lake Rd,Mears,MI,49436-4525,231 873-1010,"Sells Ice Cream, Milk","SELLS ICE CREAM, MILK"
200970,Tawas Pharmacy LLC,306 W Lake Street,Tawas City,MI,48763-3080,989 362-3311,"Milk, Serves Ice Cream","MILK, SERVES ICE CREAM"
200989,Taylor's Dairy Store,717 Main St,Elwood,IN,46036,765-552-8019,Sells Ice Cream,SELLS ICE CREAM
200986,Taylor Bridge Hot Spot,123 N Division,Hesperia,MI,49421-4525,231 854-2200,Sells Ice Cream,SELLS ICE CREAM
200657,"Ten 31 Stop, LLC",460 W US 10,Scottville,MI,49454,231-936-1009,"Milk, Serves Ice Cream","MILK, SERVES ICE CREAM"
200219,That Early Bird,1445 Lake Drive,Grand Rapids,MI,49506-3080,616 808-1309,Milk,MILK
21893,The Barking Cow,103 W. Elm St,Gaston,IN,47342,765-351-6050,Serves Soft Serve,SERVES SOFT SERVE
22489,The Bear Store,6787 M-65,Hale,MI,48739-6610,989 728-9981,Milk,MILK
21377,The Big Dipper,902 Mill St,Crawfordsville,IN,47933,765-361-1829,Serves Soft Serve,SERVES SOFT SERVE
21375,The Bitterend Coffee House,752 Fulton St W,Grand Rapids,MI,49504,616-451-6061,Milk,MILK
22772,The Burger Joint,312 N Main St,Milford,MI,48381-4525,248 685-9263,Milk,MILK
30965,"The Chill Zone, LLC",4450 Main St,Port Hope,MI,48468,810-300-8223,Milk,MILK
30821,The Coin Slot,346 E Front Street,Traverse City,MI,49684,231-642-5661,Serves Soft Serve,SERVES SOFT SERVE
40204,The Cone Shoppe ( KEY #82 ),1225 Michigan NE,Grand Rapids,MI,49503-4525,616 540-6709,"Sells Ice Cream, Serves Soft Serve","SELLS ICE CREAM, SERVES SOFT SERVE"
30410,The Cool Spot - Just Chillaxin,306 Main St,Frankfort,MI,49635-1818,231 352-7312,Serves Soft Serve,SERVES SOFT SERVE
30995,The Corner Cone,201 West Jefferson St,Grand Ledge,MI,48837-1320,517 282-5462,"Sells Ice Cream, Serves Ice Cream, Serves Soft Serve","SELLS ICE CREAM, SERVES ICE CREAM, SERVES SOFT SERVE"
31015,The Corner Cup Coffeehouse,2963 Arthur Rd,Remus,MI,49340,989-506-6351,Milk,MILK
30996,The Corner Spot Pizza & IC,5951 Marsh Rd,Haslett,MI,48840,517-214-6564,Sells Ice Cream,SELLS ICE CREAM
32577,The Custard Parlor,27726 Plymouth Rd,Livonia,MI,48127-2143,313 329-9266,Sells Ice Cream,SELLS ICE CREAM
42005,The Daily Scoop Ice Cream Shop,350 S. Jefferson St,Mason,MI,48854-4525,517 244-1170,"Sells Ice Cream, Serves Soft Serve","SELLS ICE CREAM, SERVES SOFT SERVE"
40239,The Dairy Den,750 E Grand River Rd,Laingsburg,MI,48848,517-919-1258,"Sells Ice Cream, Milk, Serves Soft Serve","SELLS ICE CREAM, MILK, SERVES SOFT SERVE"
40231,The Dairy House - Freeland,200 King St,Freeland,MI,48623-1695,989-213-2749,Milk,MILK
40230,The Dairy Lodge,405 N Division Street,Traverse City,MI,49685-1818,231 499-5625,Serves Soft Serve,SERVES SOFT SERVE
200401,The Dam Store,1879 W. River Rd.,Oscoda,MI,48750-6610,989 739-9979,Milk,MILK
41779,The Depot - South Haven,555 Dyckman Ave,South Haven,MI,49090,269-639-8045,Serves Ice Cream,SERVES ICE CREAM
41780,The Depot,362 Lake George St,Lake George,MI,48633-9725,989 588-6557,Milk,MILK
40212,The Farm At Apple Acres,2282 E Salzburg Rd,Bay City,MI,48706-3080,989 200-3619,Sells Ice Cream,SELLS ICE CREAM
122548,The Food Mafia LLC,1602 N Mitchell St,Cadillac,MI,49601-1818,231 884-8195,Serves Soft Serve,SERVES SOFT SERVE
200598,The Freezer,1034 N. Saginaw St,St Charles,MI,48655-6610,989 942-0104,Serves Soft Serve,SERVES SOFT SERVE
71507,The Golf Center,2280 E. Broomfield Rd,Mt Pleasant,MI,48858-1320,989 772-0156,"Sells Ice Cream, Serves Ice Cream","SELLS ICE CREAM, SERVES ICE CREAM"
80553,The Horton Hop,7434 Moscow Rd,Horton,MI,49246-1818,517 250-4592,Serves Soft Serve,SERVES SOFT SERVE
112234,"The Kountry Store, LLC",2840 180th Ave,Hersey,MI,49639,231-832-7093,"Sells Ice Cream, Milk","SELLS ICE CREAM, MILK"
120398,The Little Store,6586 122nd Ave,Fennville,MI,49408-9738,269 543-8711,"Milk, Serves Ice Cream, Serves Soft Serve","MILK, SERVES ICE CREAM, SERVES SOFT SERVE"
141059,The Lodge Party Store,742 S Poseyville Rd,Midland,MI,48640-6610,347-349-3852,Milk,MILK
130132,The Market LLC,2442 US-10,Ludington,MI,49431-2206,231 843-8020,Milk,MILK
131418,The Milkshake Spot,250 N State St,Big Rapids,MI,49307-4525,616 302-2573,Sells Ice Cream,SELLS ICE CREAM
30987,The New Glenn Store,1402 Adams Rd (Blue Star Hwy),Fennville,MI,49408-2206,269-227-3233,Milk,MILK
150504,"The Olde Creamery, LLC",11748  W. Jefferson Rd,Riverdale,MI,48877-4525,717 418-6446,Sells Ice Cream,SELLS ICE CREAM
151260,The Other Place at Silver Lake,8427 Silver Lake Rd,Mears,MI,49436,616-293-4474,"Sells Ice Cream, Milk, Serves Soft Serve","SELLS ICE CREAM, MILK, SERVES SOFT SERVE"
141679,The Pantry - Ada,591 Ada Dr.,Ada,MI,49301,616-920-7377,Milk,MILK
160477,The Parlour of Jackson,1401 Daniel Rd,Jackson,MI,49202,517-581-9519,Serves Soft Serve,SERVES SOFT SERVE
122555,The Party Dock,3031 Patterson Road,Bay City,MI,48706-1818,989 684-2150,Milk,MILK
141066,The Pine Cone 2,1053 E Wilcox Ave,White Cloud,MI,49349,616-299-5041,Serves Soft Serve,SERVES SOFT SERVE
160060,The Point Drive In,45 Main St.,North Judson,IN,46366,574-241-2016,"Sells Ice Cream, Serves Soft Serve","SELLS ICE CREAM, SERVES SOFT SERVE"
161053,The Press & Scoop,2120 S Milford Rd,Highland,MI,48357-1320,810 599-4305,Sells Ice Cream,SELLS ICE CREAM
160555,The Pump House- Rckfrd (KEY#75,30 N Main Street,Rockford,MI,49341-3080,616 951-7261,Sells Ice Cream,SELLS ICE CREAM
160557,The Pump House Standale-MoJam,411 Standale Plaza Dr.,Grand Rapids,MI,49534,616-826-5212,Sells Ice Cream,SELLS ICE CREAM
192594,The Scoop Shop,233 E Michigan Ave,Paw Paw,MI,49079,269-364-1633,Serves Soft Serve,SERVES SOFT SERVE
192256,The Shack/Grace Adventures,2263 W 14th Street,White Cloud,MI,49349,231-924-6683,Sells Ice Cream,SELLS ICE CREAM
122560,The Split - Grand Ledge,103 N Bridge St,Grand Ledge,MI,48837-1320,517 2561247,Serves Soft Serve,SERVES SOFT SERVE
190566,The Sweet Tooth Of Marine City,312 S. Water Suite 6,Marine City,MI,48039-4525,810 765-4070,Sells Ice Cream,SELLS ICE CREAM
190537,The Sweet Tooth Of Rockford,53 East Bridge Street,Rockford,MI,49341-4525,616 866-3033,Sells Ice Cream,SELLS ICE CREAM
200230,The Twisted Cow,123 N Roland St,McBain,MI,49657-4525,231 825-6000,Serves Soft Serve,SERVES SOFT SERVE
131420,The Village Mart,5948 W. Levering Rd.,Crossvillage,MI,49723-1818,231 242-1234,Sells Ice Cream,SELLS ICE CREAM
220040,The Vinery,3976 Pelham ST.,Dearborn,MI,48125-2143,,Serves Soft Serve,SERVES SOFT SERVE
251505,The Yogurt Station,Sunny's Food Mart,Pleasant Ridge,MI,48069,248-398-5800,"Milk, Serves Soft Serve","MILK, SERVES SOFT SERVE"
200673,Theis Party Store,210 S. Main St,Fowler,MI,48835-1818,989 593-2202,Milk,MILK
131319,Thirsty's,1507 S Lake Mitchell Dr,Cadillac,MI,49601-6610,231 775-3039,"Milk, Serves Ice Cream, Serves Soft Serve","MILK, SERVES ICE CREAM, SERVES SOFT SERVE"
131326,Thornapple Lake Trading Post,4005 E. M-79 HWY,Hastings,MI,49058-2206,269 945-2280,Milk,MILK
208936,Thrush's Pit Stop,2405 W Ludington Dr,Farwell,MI,48622,989-588-9113,"Sells Ice Cream, Milk","SELLS ICE CREAM, MILK"
208947,Tienda La Bendicion,1260 S. Division SE,Grand Rapids,MI,49507-2206,616 438-8197,Milk,MILK
161810,Tiffany's Cafe,10213 W. Front St,Empire,MI,49630-1818,231 835-2168,Serves Soft Serve,SERVES SOFT SERVE
200680,Tin Roof Group LLC,853 S. Clinton,Stockbridge,MI,49285-4525,517 575-1340,Serves Soft Serve,SERVES SOFT SERVE
80301,Tip'N Point Grocery(Homestead),9390 Genesee St,New Lothrop,MI,48460-2902,810 638-2311,"Milk, Serves Ice Cream","MILK, SERVES ICE CREAM"
200199,Tip Top Ice Cream Shop,3614 E Houghton Lake Dr,Houghton Lake,MI,48629,989-302-6377,Serves Soft Serve,SERVES SOFT SERVE
200201,Tip Top Liquor,4107 West 13 Mile Rd.,Royal Oak,MI,48073-2143,,Milk,MILK
200712,Tippy Cow Ice Cream (KEY #49 ),3830 Chicago Dr SW,Grandville,MI,49418-4525,616 514-7171,Serves Soft Serve,SERVES SOFT SERVE
208953,Tom's Mkrt-West*D,TOM'S WEST BAY SHOPPING CTR.,Traverse City,MI,49684-1818,231 947-7290,Milk,MILK
208950,Tom's Mrkt-East*D,738 Munson Ave,Traverse City,MI,49686-1818,231 947-7188,Milk,MILK
130903,Too Talls Tasty Treats,2963 Coit NE,Grand Rapids,MI,49505-4525,616 363-3305,Serves Soft Serve,SERVES SOFT SERVE
201213,Toski Sands Market,2294 M-119,Petoskey,MI,49770-1818,231 347-1571,Milk,MILK
202038,Trailside Creamery,10606 Old 27 South,Waters,MI,49797-4525,989 889-9471,Serves Soft Serve,SERVES SOFT SERVE
202036,Trailside Gas & Grocery,525 S. Third St. Suite B,Big Rapids,MI,49307-2206,231 796-6070,Milk,MILK
202037,Trailside Treats,102 S. Main St,Sweetser,IN,46987-4525,765 673-7419,"Sells Ice Cream, Serves Soft Serve","SELLS ICE CREAM, SERVES SOFT SERVE"
202050,Tres Hermanos Bakery,1442 Burton St SW,Wyoming,MI,49509,616 246-6600,Milk,MILK
201349,Tri Ponds Campground,3687 Dumont Rd.,Allegan,MI,49010-4525,269 6734740,"Sells Ice Cream, Serves Soft Serve","SELLS ICE CREAM, SERVES SOFT SERVE"
201361,Truck Stop 117,2635 N. WILLIAMSTON RD.,Williamston,MI,48895-1818,517 655-5544,Milk,MILK
205912,True North Community Services,6308 S Warner Ave,Fremont,MI,49457-3080,231 924-0641,Milk,MILK
205911,True North Ice Cream,403 S. Kalamazoo,Marshall,MI,49068-4525,517 937-6299,"Milk, Serves Soft Serve","MILK, SERVES SOFT SERVE"
206500,Tummy Ache Candy Store,1116 N Johnson St,Bay City,MI,48708-6610,989 891-7669,Sells Ice Cream,SELLS ICE CREAM
142011,Turk Lake Market Inc,2023 S. Greenville Rd,Greenville,MI,48838-2206,616 754-6491,"Milk, Serves Ice Cream","MILK, SERVES ICE CREAM"
206505,Turner Thyme Hospitality,149 Page St,West Branch,MI,48661,989-280-7032,Sells Ice Cream,SELLS ICE CREAM
202766,Twin Lake Park Store LLC,6219 Main St,Twin Lake,MI,49457-4525,231 292-2242,Serves Soft Serve,SERVES SOFT SERVE
202767,Twin Pines Campground,9800 Wheeler Rd,Hanover,MI,49241-1320,517 524-6298,Milk,MILK
200221,Twisters - Alma,7295 N. Alger,Alma,MI,48801-1320,989 285-1431,"Milk, Serves Soft Serve","MILK, SERVES SOFT SERVE"
200209,Twisters - Chelsea,901 S. Main,Chelsea,MI,48118-4525,734 433-0419,"Milk, Serves Soft Serve","MILK, SERVES SOFT SERVE"
200223,Twisters - Freeland,7636 Midland RD,Freeland,MI,48623-6610,989 928-8034,Serves Soft Serve,SERVES SOFT SERVE
200222,Twisters - Fulton (KEY #74 ),956 Fulton St W,Grand Rapids,MI,49504-4525,616 350-4391,"Milk, Serves Soft Serve","MILK, SERVES SOFT SERVE"
200211,Twisters - Jackson,4005 Lansing Ave.,Jackson,MI,49202-1320,517 787-9477,"Milk, Serves Soft Serve","MILK, SERVES SOFT SERVE"
200213,Twisters - St. Johns,1050 Superior Dr.,St Johns,MI,48879-1320,,"Milk, Serves Soft Serve","MILK, SERVES SOFT SERVE"
200217,Twisters - W Michigan (KEY #67,330 S. Riverview,Parchment,MI,49004-4525,616 856-6062,"Milk, Serves Soft Serve","MILK, SERVES SOFT SERVE"
200207,Twisters - Waverly (KEY #15 ),327 S. Waverly,Lansing,MI,48917-4525,517 574-4863,"Milk, Serves Soft Serve","MILK, SERVES SOFT SERVE"
200210,Twisters - Williamston,204 E. Grand River Ave.,Williamston,MI,48895-1320,517 795-3109,"Milk, Serves Soft Serve","MILK, SERVES SOFT SERVE"
218665,Udder Delights,1409 South Airport Rd,Traverse City,MI,49685,231-946-3209,Milk,MILK
218700,Udder Side,121 W. Chicago Rd,Jonesville,MI,49250-4525,517 398-3187,Milk,MILK
218664,Ultimate Ice Cream,2420 Sunnyside Dr,Cadillac,MI,49601,616-291-4781,Serves Soft Serve,SERVES SOFT SERVE
218704,Unadilla Store,13329 Unadilla Rd,Gregory,MI,48137-1428,734 498-2400,Milk,MILK
218710,Uncle Ray's Dairyland,1462 N Leroy St,Fenton,MI,48430,203-947-0266,Serves Soft Serve,SERVES SOFT SERVE
218708,Underground Cookie Club,5422 Division Ave. S,Kentwood,MI,49548-4525,775 9974243,Serves Soft Serve,SERVES SOFT SERVE
218724,Up North Farm Market LLC,3890 W. Monroe Rd,Hart,MI,49420-2206,231 301-8601,"Milk, Serves Ice Cream","MILK, SERVES ICE CREAM"
218765,Uranus Fudge Factory - IN  LLC,1423 W 53rd St,Anderson,IN,46013,765-274-5070,Serves Soft Serve,SERVES SOFT SERVE
218771,Urban Swirl,7130 Heritage Sq Suite 440,Granger,IN,46530,574-387-4035,"Milk, Serves Soft Serve","MILK, SERVES SOFT SERVE"
218780,USA Gill Petroleum LLC Maratho,601 E Saginaw St,Breckenridge,MI,48615-9725,989 842-3367,Milk,MILK
180240,Valley Meat Market,110 W 2nd St,Pinconning,MI,48650-6610,989 200-1290,Milk,MILK
180410,Van Pattens General Store LLC,8416 S. 116th Ave.,Rothbury,MI,49452-2206,231 861-2830,Milk,MILK
100029,Variety Liquor 3,32 W Munger RD.,Munger,MI,48747,989-659-3280,Milk,MILK
220775,Vernon Cone Company,119 E. Main,Vernon,MI,48476,989-932-6119,Serves Soft Serve,SERVES SOFT SERVE
221240,Victorian Cafe,216 S. Washington St.,Hale,MI,48739-1818,989 254-1132,Serves Soft Serve,SERVES SOFT SERVE
220015,Viking Grocery,1325 S. Ensley St,Howard City,MI,49329-2206,231 648-6492,Milk,MILK
221252,Village Cone Shop ( KEY #72 ),1810 Breton Rd SE,Grand Rapids,MI,49546-4525,616 690-3469,"Sells Ice Cream, Serves Soft Serve","SELLS ICE CREAM, SERVES SOFT SERVE"
221013,Village Ice Cream & Cafe,251 S. Bridge St,Dimondale,MI,48821-4525,517 712-2519,"Sells Ice Cream, Milk, Serves Soft Serve","SELLS ICE CREAM, MILK, SERVES SOFT SERVE"
221015,Visser Farms LLC,7600 112th Ave,Holland,MI,49424,616-875-8559,"Milk, Serves Ice Cream","MILK, SERVES ICE CREAM"
221016,VJ Distribution Center Inc.,"3231 S Gulley Rd, Ste C",Dearborn,MI,48124,313-554-6839,Serves Soft Serve,SERVES SOFT SERVE
220630,Vogel Store,9979 S. 8 Mile Rd.,McBain,MI,49657-5394,231 825-2219,Milk,MILK
220996,Vriesland Country Store,6420 Byron Rd,Zeeland,MI,49464-2206,616 772-4445,Milk,MILK
230016,Wacousta General,13051 Wacousta Road,Grand Ledge,MI,48837-1818,517 412-7115,"Milk, Serves Ice Cream","MILK, SERVES ICE CREAM"
230043,Walloon Village General Store,"4035 Renwick Lane, Unit #17",Walloon Lake,MI,49796,231-535-9350,Milk,MILK
230030,Walnut Hills Family Campground,7685 E Lehring Road,Durand,MI,48429,989-634-9782,Milk,MILK
230045,Walravens,597 N First St,Harrison,MI,48625-6610,989 539-3565,Milk,MILK
230900,Warren Dunes Camp Store,State Park,Sawyer,MI,49125-4525,269 369-5587,Milk,MILK
230904,Warren One Stop - Shell,30990 Dequindre,Warren,MI,48091-1768,586-929-6182,Milk,MILK
230025,Waterside Resort,3298 N Lakeshore Dr,Ludington,MI,49431-4525,231 843-2090,Sells Ice Cream,SELLS ICE CREAM
230901,Webberville Party Store,103 E. Grand River,Webberville,MI,48892-1818,313 399-1786,Milk,MILK
232947,Wedgewood Christian Services,3300 36th St. SE,Grand Rapids,MI,49518-3080,616 942-2110,Milk,MILK
230964,"Weller Auto Parts, Inc.",2019 Chicago Dr SW,Wyoming,MI,49519-4525,616-538-5000,Milk,MILK
230965,Wellman Party Store,910 S State St,Oscoda,MI,48750-6610,989 739-2869,Milk,MILK
231009,Wesco #10,1410 W. Maumee,Adrian,MI,49221-9738,517 265-3370,Milk,MILK
231010,Wesco #11,10409 West Brooklyn Rd.,Brooklyn,MI,49230-9738,517 435-3804,"Milk, Serves Ice Cream","MILK, SERVES ICE CREAM"
231011,Wesco #12,4101 Lansing Ave.,Jackson,MI,49202-9738,517 782-9866,"Milk, Serves Ice Cream","MILK, SERVES ICE CREAM"